0,0,0,0,0,0,0,0,0,0,0,0,
0,0,0,0,0,0,0,0,0,0,0,0,
0,0,0,0,0,0,0,0,0,0,0,0,
0,0,0,0,0,0,0,0,0,0,0,0,
0.25,0.5,0.75,1,0.25,0.5,0.75,1,0.25,0.5,0.75,1,
0.25,0.5,0.75,1,0.25,0.5,0.75,1,0.25,0.5,0.75,1,
0.25,0.5,0.75,1,0.25,0.5,0.75,1,0.25,0.5,0.75,1,
0.25,0.5,0.75,1,0.25,0.5,0.75,1,0.25,0.5,0.75,1,
0.25,0.5,0.75,1,0.2,0.333333,0.428571,0.5,0.25,0.5,0.75,1,
0.25,0.5,0.75,1,0.2,0.333333,0.363636,0.333333,0.25,0.5,0.75,1,
0.25,0.5,0.75,1,0.2,0.333333,0.326531,0.25,0.25,0.5,0.75,1,
0.25,0.5,0.75,1,0.2,0.333333,0.303318,0.2,0.25,0.5,0.75,1,
0.5,1,1.5,2,0.45,0.833333,1,1,0.5,1,1,1,
0.5,1,1.5,2,0.45,0.833333,0.963425,0.857143,0.5,1,1,1,
0.5,1,1.5,2,0.45,0.833333,0.937702,0.75,0.5,1,1,1,
0.5,1,1.5,2,0.45,0.833333,0.919294,0.666667,0.5,1,1,1,
0.5,1,1.5,2,0.36,0.555556,0.672152,0.545455,0.5,1,1,1,
0.5,1,1.5,2,0.36,0.526316,0.524186,0.428571,0.5,1,1,1,
0.5,1,1.5,2,0.36,0.512821,0.432399,0.333333,0.5,1,1,1,
0.5,1,1.5,2,0.36,0.506329,0.372593,0.26087,0.5,1,1,1,
0.75,1.5,2.25,3,0.61,1,1,1,0.75,1,1,1,
0.75,1.5,2.25,3,0.61,0.996865,0.913655,0.805556,0.75,1,1,1,
0.75,1.5,2.25,3,0.61,0.995305,0.851185,0.659091,0.75,1,1,1,
0.75,1.5,2.25,3,0.61,0.994527,0.805044,0.54717,0.75,1,1,1,
1,2,3,4,0.86,1,1,1,1,1,1,1,
1,2,3,4,0.86,0.867385,0.871551,0.82,1,1,1,1,
1,2,3,4,0.86,0.807946,0.756603,0.666667,1,1,1,1,
1,2,3,4,0.86,0.776421,0.611867,0.465909,1,1,1,1,
1,2,3,4,0.86,0.761867,0.545266,0.372727,1,1,1,1,
1,2,3,4,0.688,0.761867,0.545266,0.354978,1,1,1,1,
1,2,3,4,0.688,0.761867,0.545266,0.334694,1,1,1,1,
1,2,3,4,0.688,0.513159,0.324808,0.167347,1,1,1,1,
1,2,3,4,0.688,0.437269,0.24137,0.115493,1,1,1,1,
1,2,3,4,0.555735,0.323397,0.161655,0.0683333,1,1,1,1,
1,2,3,4,0.555735,0.323397,0.161655,0.0619804,1,1,1,1,
1,2,3,4,0.551503,0.260891,0.113862,0.0403345,1,1,1,1,
1,2,3,4,0.525441,0.212752,0.0796933,0.0244338,1,1,1,1,
1,2,3,4,0.525441,0.212752,0.0796933,0.0237269,1,1,1,1,
1,2,3,4,0.518328,0.212752,0.0796933,0.0222403,1,1,1,1,
1,2,3,4,0.518328,0.212752,0.0796933,0.021227,1,1,1,1,
1.25,2.5,3.75,5,0.768328,0.712752,0.829693,1,1,1,1,1,
1.25,2.5,3.75,5,0.757015,0.572363,0.521348,0.533036,1,1,1,1,
1.25,2.5,3.75,5,0.757015,0.572363,0.521348,0.530456,1,1,1,1,
1.25,2.5,3.75,5,0.612831,0.512593,0.400128,0.354639,1,1,1,1,
1.25,2.5,3.75,5,0.612831,0.488219,0.296965,0.212542,1,1,1,1,
1.25,2.5,3.75,5,0.612831,0.325479,0.169694,0.106271,1,1,1,1,
1.25,2.5,3.75,5,0.612831,0.325479,0.169694,0.0962547,1,1,1,1,
1.5,3,4.5,6,0.862831,0.825479,0.919694,1,1,1,1,1,
1.5,3,4.5,6,0.692687,0.550319,0.52554,0.54758,1,1,1,1,
1.75,3.5,5.25,7,0.942687,1,1,1,1,1,1,1,
1.75,3.5,5.25,7,0.942687,1,1,0.990638,1,1,1,1,
1.75,3.5,5.25,7,0.942687,1,1,0.965364,1,1,1,1,
2,4,6,8,1,1,1,1,1,1,1,1,
2,4,6,8,1,1,1,0.863158,1,1,1,1,
2,4,6,8,1,1,1,0.857338,1,1,1,1,
2,4,6,8,1,1,0.830301,0.601601,1,1,1,1,
2,4,6,8,0.925259,0.734678,0.528717,0.354513,1,1,1,1,
2,4,6,8,0.925259,0.734678,0.528717,0.350951,1,1,1,1,
2,4,6,8,0.925259,0.734678,0.526466,0.297778,1,1,1,1,
2,4,6,8,0.925259,0.734678,0.526466,0.294011,1,1,1,1,
2,4,6,8,0.902008,0.734678,0.526466,0.268916,1,1,1,1,
2,4,6,8,0.819362,0.613561,0.338095,0.140452,1,1,1,1,
2,4,6,8,0.819362,0.613561,0.332783,0.120682,1,1,1,1,
2,4,6,8,0.819362,0.575999,0.266271,0.0898016,1,1,1,1,
2,4,6,8,0.701592,0.383999,0.152155,0.0449008,1,1,1,1,
2,4,6,8,0.69584,0.375484,0.146616,0.0398532,1,1,1,1,
2.25,4.5,6.75,9,0.94584,0.875484,0.896616,1,1,1,1,1,
2.25,4.5,6.75,9,0.860444,0.787324,0.757499,0.785623,1,1,1,1,
2.25,4.5,6.75,9,0.860444,0.787324,0.675003,0.628752,1,1,1,1,
2.25,4.5,6.75,9,0.860444,0.787324,0.675003,0.604537,1,1,1,1,
2.25,4.5,6.75,9,0.860444,0.787324,0.675003,0.560895,1,1,1,1,
2.25,4.5,6.75,9,0.860444,0.787324,0.675003,0.519377,1,1,1,1,
2.5,5,7.5,10,1,1,1,1,1,1,1,1,
2.5,5,7.5,10,0.903244,0.810758,0.703551,0.603076,1,1,1,1,
2.5,5,7.5,10,0.849386,0.717611,0.591244,0.47772,1,1,1,1,
2.75,5.5,8.25,11,1,1,1,1,1,1,1,1,
3,6,9,12,1,1,1,1,1,1,1,1,
3,6,9,12,1,1,1,0.919219,1,1,1,1,
3,6,9,12,1,1,0.902499,0.737514,1,1,1,1,
3,6,9,12,1,1,0.902499,0.68756,1,1,1,1,
3,6,9,12,1,0.954636,0.795501,0.557794,1,1,1,1,
3,6,9,12,1,0.954636,0.795501,0.541737,1,1,1,1,
3,6,9,12,1,0.768772,0.514545,0.303,1,1,1,1,
3,6,9,12,1,0.768772,0.514545,0.294835,1,1,1,1,
3,6,9,12,0.803335,0.512515,0.294026,0.149431,1,1,1,1,
3,6,9,12,0.803335,0.512515,0.275734,0.117124,1,1,1,1,
3,6,9,12,0.72529,0.363716,0.157562,0.0585619,1,1,1,1,
3,6,9,12,0.72529,0.363716,0.157562,0.0550544,1,1,1,1,
3,6,9,12,0.72529,0.363716,0.157562,0.0501087,1,1,1,1,
3,6,9,12,0.72529,0.363716,0.157562,0.0469208,1,1,1,1,
3,6,9,12,0.72529,0.363716,0.156895,0.0404789,1,1,1,1,
3,6,9,12,0.72529,0.363716,0.156895,0.0404017,1,1,1,1,
3,6,9,12,0.688749,0.281392,0.0955379,0.0233017,1,1,1,1,
3,6,9,12,0.688749,0.281392,0.0783773,0.0147783,1,1,1,1,
3,6,9,12,0.688749,0.246697,0.0627243,0.0108259,1,1,1,1,
3,6,9,12,0.635791,0.183596,0.0404598,0.00624853,1,1,1,1,
3,6,9,12,0.582893,0.183596,0.0404598,0.00555573,1,1,1,1,
3,6,9,12,0.466315,0.127081,0.0232068,0.00277787,1,1,1,1,
3,6,9,12,0.466315,0.127081,0.0232068,0.00272717,1,1,1,1,
3,6,9,12,0.466315,0.127081,0.0232068,0.00257737,1,1,1,1,
3,6,9,12,0.466315,0.127081,0.0232068,0.00246871,1,1,1,1,
3.25,6.5,9.75,13,0.716315,0.627081,0.773207,1,1,1,1,1,
3.25,6.5,9.75,13,0.626733,0.464712,0.469382,0.500616,1,1,1,1,
3.25,6.5,9.75,13,0.626733,0.458768,0.427413,0.418121,1,1,1,1,
3.25,6.5,9.75,13,0.626733,0.458768,0.427413,0.400427,1,1,1,1,
3.5,7,10.5,14,0.876733,0.958768,1,1,1,1,1,1,
3.5,7,10.5,14,0.802594,0.720662,0.666209,0.583407,1,1,1,1,
3.5,7,10.5,14,0.752683,0.575768,0.506305,0.417028,1,1,1,1,
3.5,7,10.5,14,0.602146,0.383845,0.289317,0.208514,1,1,1,1,
3.5,7,10.5,14,0.601995,0.371717,0.244299,0.153612,1,1,1,1,
3.5,7,10.5,14,0.601995,0.371717,0.244299,0.152093,1,1,1,1,
3.5,7,10.5,14,0.601995,0.371717,0.244299,0.139936,1,1,1,1,
3.5,7,10.5,14,0.601995,0.371717,0.244299,0.134783,1,1,1,1,
3.5,7,10.5,14,0.601995,0.324328,0.158385,0.0714579,1,1,1,1,
3.5,7,10.5,14,0.601995,0.324328,0.158385,0.0701634,1,1,1,1,
3.5,7,10.5,14,0.601995,0.324328,0.158385,0.0689373,1,1,1,1,
3.5,7,10.5,14,0.522537,0.216219,0.090506,0.0350875,1,1,1,1,
3.5,7,10.5,14,0.522537,0.216219,0.0745645,0.0233904,1,1,1,1,
3.75,7.5,11.25,15,0.772537,0.716219,0.824565,1,1,1,1,1,
3.75,7.5,11.25,15,0.772537,0.716219,0.816452,0.855012,1,1,1,1,
3.75,7.5,11.25,15,0.671731,0.49166,0.469182,0.465827,1,1,1,1,
3.75,7.5,11.25,15,0.671731,0.49166,0.469182,0.432891,1,1,1,1,
3.75,7.5,11.25,15,0.668685,0.49166,0.469182,0.413281,1,1,1,1,
3.75,7.5,11.25,15,0.667802,0.49166,0.469182,0.38934,1,1,1,1,
4,8,12,16,0.917802,0.99166,1,1,1,1,1,1,
4.25,8.5,12.75,17,1,1,1,1,1,1,1,1,
4.25,8.5,12.75,17,1,1,1,0.916362,1,1,1,1,
4.25,8.5,12.75,17,0.939296,0.933273,0.848931,0.70674,1,1,1,1,
4.25,8.5,12.75,17,0.795942,0.668471,0.539612,0.399007,1,1,1,1,
4.25,8.5,12.75,17,0.795942,0.668471,0.539612,0.391746,1,1,1,1,
4.25,8.5,12.75,17,0.795942,0.668471,0.539612,0.368114,1,1,1,1,
4.25,8.5,12.75,17,0.795942,0.668471,0.539612,0.325052,1,1,1,1,
4.5,9,13.5,18,1,1,1,1,1,1,1,1,
4.5,9,13.5,18,1,0.944192,0.727337,0.61493,1,1,1,1,
4.5,9,13.5,18,0.999301,0.833045,0.579566,0.436185,1,1,1,1,
4.5,9,13.5,18,0.829015,0.686801,0.483209,0.343948,1,1,1,1,
4.5,9,13.5,18,0.829015,0.686801,0.483209,0.334383,1,1,1,1,
4.5,9,13.5,18,0.829015,0.666299,0.431995,0.267003,1,1,1,1,
4.5,9,13.5,18,0.829015,0.666299,0.431995,0.261845,1,1,1,1,
4.5,9,13.5,18,0.797511,0.549906,0.288675,0.146851,1,1,1,1,
4.5,9,13.5,18,0.797511,0.549906,0.288675,0.139728,1,1,1,1,
4.5,9,13.5,18,0.791853,0.489431,0.220735,0.0911095,1,1,1,1,
4.5,9,13.5,18,0.791853,0.480608,0.209528,0.0793525,1,1,1,1,
4.5,9,13.5,18,0.759639,0.446276,0.188505,0.0671384,1,1,1,1,
4.5,9,13.5,18,0.651315,0.388137,0.165339,0.0561734,1,1,1,1,
4.5,9,13.5,18,0.651315,0.355815,0.131111,0.0400661,1,1,1,1,
4.5,9,13.5,18,0.623229,0.286868,0.0953021,0.0266235,1,1,1,1,
4.5,9,13.5,18,0.604216,0.280784,0.0882315,0.0225375,1,1,1,1,
4.75,9.5,14.25,19,0.854216,0.780784,0.838232,1,1,1,1,1,
4.75,9.5,14.25,19,0.700468,0.527988,0.500195,0.547085,1,1,1,1,
5,10,15,20,0.950468,1,1,1,1,1,1,1,
5,10,15,20,0.760374,0.678991,0.645213,0.607394,1,1,1,1,
5,10,15,20,0.760374,0.678991,0.609863,0.501956,1,1,1,1,
5,10,15,20,0.760374,0.678991,0.609863,0.474317,1,1,1,1,
5,10,15,20,0.744159,0.530039,0.37272,0.237158,1,1,1,1,
5,10,15,20,0.595327,0.353359,0.212983,0.118579,1,1,1,1,
5,10,15,20,0.595327,0.353359,0.212983,0.11817,1,1,1,1,
5,10,15,20,0.595327,0.353359,0.193756,0.0956518,1,1,1,1,
5,10,15,20,0.595327,0.321834,0.133516,0.0528626,1,1,1,1,
5,10,15,20,0.595327,0.321834,0.133516,0.0523245,1,1,1,1,
5,10,15,20,0.531548,0.214556,0.0762949,0.0262961,1,1,1,1,
5,10,15,20,0.531548,0.214556,0.0762949,0.0262371,1,1,1,1,
5,10,15,20,0.531548,0.214556,0.0762949,0.0261419,1,1,1,1,
5,10,15,20,0.531548,0.194679,0.0502127,0.013071,1,1,1,1,
5,10,15,20,0.531548,0.189534,0.0400681,0.00872452,1,1,1,1,
5,10,15,20,0.531548,0.189534,0.0400681,0.0074777,1,1,1,1,
5,10,15,20,0.483259,0.126356,0.0228961,0.00402657,1,1,1,1,
5.25,10.5,15.75,21,0.733259,0.626356,0.772896,1,1,1,1,1,
5.25,10.5,15.75,21,0.632581,0.57521,0.736022,0.867671,1,1,1,1,
5.5,11,16.5,22,0.882581,1,1,1,1,1,1,1,
5.5,11,16.5,22,0.882581,1,1,0.980894,1,1,1,1,
5.5,11,16.5,22,0.882581,0.948447,0.959502,0.860572,1,1,1,1,
5.5,11,16.5,22,0.882581,0.948447,0.874561,0.708628,1,1,1,1,
5.5,11,16.5,22,0.706065,0.686234,0.653377,0.513715,1,1,1,1,
5.5,11,16.5,22,0.685055,0.560862,0.456602,0.321686,1,1,1,1,
5.5,11,16.5,22,0.685055,0.518927,0.358938,0.221249,1,1,1,1,
5.5,11,16.5,22,0.548044,0.3641,0.233667,0.131089,1,1,1,1,
5.5,11,16.5,22,0.534055,0.353297,0.210961,0.104438,1,1,1,1,
5.5,11,16.5,22,0.534055,0.353297,0.210961,0.0943886,1,1,1,1,
5.75,11.5,17.25,23,0.784055,0.853297,0.960961,1,1,1,1,1,
5.75,11.5,17.25,23,0.784055,0.853297,0.960961,0.961624,1,1,1,1,
5.75,11.5,17.25,23,0.784055,0.853297,0.960961,0.961379,1,1,1,1,
5.75,11.5,17.25,23,0.767159,0.655498,0.587675,0.480751,1,1,1,1,
5.75,11.5,17.25,23,0.767159,0.655498,0.587675,0.480438,1,1,1,1,
5.75,11.5,17.25,23,0.767159,0.605323,0.389476,0.240219,1,1,1,1,
5.75,11.5,17.25,23,0.737371,0.573227,0.346332,0.196981,1,1,1,1,
5.75,11.5,17.25,23,0.737371,0.573227,0.338866,0.163484,1,1,1,1,
5.75,11.5,17.25,23,0.737371,0.573227,0.338866,0.15369,1,1,1,1,
5.75,11.5,17.25,23,0.653056,0.396155,0.209169,0.0937252,1,1,1,1,
5.75,11.5,17.25,23,0.653056,0.358917,0.152984,0.0595724,1,1,1,1,
6,12,18,24,0.903056,0.858917,0.902984,1,1,1,1,1,
6,12,18,24,0.820017,0.819931,0.89376,0.895296,1,1,1,1,
6,12,18,24,0.820017,0.819931,0.89376,0.866596,1,1,1,1,
6,12,18,24,0.794071,0.764698,0.758873,0.657998,1,1,1,1,
6,12,18,24,0.794071,0.764698,0.758873,0.638491,1,1,1,1,
6,12,18,24,0.651754,0.533769,0.474569,0.372698,1,1,1,1,
6,12,18,24,0.521403,0.355846,0.271182,0.186349,1,1,1,1,
6,12,18,24,0.521403,0.355846,0.271182,0.176938,1,1,1,1,
6,12,18,24,0.521403,0.355846,0.265675,0.146937,1,1,1,1,
6,12,18,24,0.417123,0.237231,0.153597,0.0821563,1,1,1,1,
6,12,18,24,0.417123,0.237231,0.153597,0.0762445,1,1,1,1,
6,12,18,24,0.417123,0.185889,0.0919687,0.0381222,1,1,1,1,
6.25,12.5,18.75,25,0.667123,0.685889,0.841969,1,1,1,1,1,
6.25,12.5,18.75,25,0.667123,0.685889,0.841969,0.978446,1,1,1,1,
6.25,12.5,18.75,25,0.667123,0.685889,0.841969,0.926318,1,1,1,1,
6.25,12.5,18.75,25,0.667123,0.685889,0.802376,0.776949,1,1,1,1,
6.25,12.5,18.75,25,0.559868,0.457259,0.471161,0.444373,1,1,1,1,
6.5,13,19.5,26,0.809868,0.957259,1,1,1,1,1,1,
6.5,13,19.5,26,0.809868,0.957259,0.886665,0.760783,1,1,1,1,
6.5,13,19.5,26,0.809868,0.957259,0.886665,0.71874,1,1,1,1,
6.5,13,19.5,26,0.737956,0.653842,0.506666,0.369582,1,1,1,1,
6.75,13.5,20.25,27,0.987956,1,1,1,1,1,1,1,
6.75,13.5,20.25,27,0.987956,1,1,0.995388,1,1,1,1,
6.75,13.5,20.25,27,0.987956,0.912464,0.656861,0.497694,1,1,1,1,
6.75,13.5,20.25,27,0.987956,0.912464,0.656861,0.472562,1,1,1,1,
6.75,13.5,20.25,27,0.987956,0.912464,0.656861,0.453361,1,1,1,1,
6.75,13.5,20.25,27,0.973658,0.912464,0.646501,0.387417,1,1,1,1,
6.75,13.5,20.25,27,0.848121,0.877245,0.646501,0.361268,1,1,1,1,
6.75,13.5,20.25,27,0.75653,0.626335,0.369429,0.186943,1,1,1,1,
7,14,21,28,1,1,1,1,1,1,1,1,
7,14,21,28,1,0.998502,0.839778,0.750025,1,1,1,1,
7,14,21,28,0.84034,0.665668,0.479873,0.375013,1,1,1,1,
7,14,21,28,0.84034,0.665668,0.479873,0.322317,1,1,1,1,
7,14,21,28,0.84034,0.665668,0.479873,0.321711,1,1,1,1,
7.25,14.5,21.75,29,1,1,1,1,1,1,1,1,
7.25,14.5,21.75,29,1,0.973579,0.727768,0.569283,1,1,1,1,
7.25,14.5,21.75,29,0.849133,0.649053,0.415868,0.284642,1,1,1,1,
7.25,14.5,21.75,29,0.849133,0.649053,0.415868,0.268943,1,1,1,1,
7.5,15,22.5,30,1,1,1,1,1,1,1,1,
7.5,15,22.5,30,1,1,0.965276,0.862029,1,1,1,1,
7.5,15,22.5,30,1,1,0.965276,0.848914,1,1,1,1,
7.5,15,22.5,30,1,0.870523,0.619703,0.424457,1,1,1,1,
7.5,15,22.5,30,1,0.870523,0.619703,0.421536,1,1,1,1,
7.5,15,22.5,30,1,0.743319,0.401536,0.210768,1,1,1,1,
7.5,15,22.5,30,0.86322,0.495546,0.229449,0.105384,1,1,1,1,
7.5,15,22.5,30,0.856004,0.463452,0.204818,0.0844234,1,1,1,1,
7.5,15,22.5,30,0.856004,0.463452,0.204818,0.0834542,1,1,1,1,
7.5,15,22.5,30,0.856004,0.463452,0.204818,0.0834129,1,1,1,1,
7.5,15,22.5,30,0.856004,0.432305,0.135867,0.0417065,1,1,1,1,
7.5,15,22.5,30,0.752363,0.288203,0.0776385,0.0208532,1,1,1,1,
7.5,15,22.5,30,0.670808,0.266463,0.0713347,0.0174085,1,1,1,1,
7.5,15,22.5,30,0.536646,0.177642,0.0407627,0.00870424,1,1,1,1,
7.75,15.5,23.25,31,0.786646,0.677642,0.790763,1,1,1,1,1,
7.75,15.5,23.25,31,0.786646,0.677642,0.790763,0.993246,1,1,1,1,
7.75,15.5,23.25,31,0.786646,0.600654,0.516403,0.496623,1,1,1,1,
7.75,15.5,23.25,31,0.786646,0.600654,0.516403,0.472632,1,1,1,1,
8,16,24,32,1,1,1,1,1,1,1,1,
8,16,24,32,1,1,1,0.996798,1,1,1,1,
8,16,24,32,1,1,1,0.994753,1,1,1,1,
8,16,24,32,1,0.880712,0.657127,0.497887,1,1,1,1,
8,16,24,32,1,0.880712,0.657127,0.467007,1,1,1,1,
8,16,24,32,1,0.880712,0.657127,0.45988,1,1,1,1,
8,16,24,32,1,0.838768,0.523735,0.31449,1,1,1,1,
8,16,24,32,0.841704,0.602329,0.351606,0.187933,1,1,1,1,
8,16,24,32,0.788642,0.494478,0.247376,0.117636,1,1,1,1,
8,16,24,32,0.664423,0.374337,0.170186,0.0723492,1,1,1,1,
8,16,24,32,0.664423,0.374337,0.168671,0.0631698,1,1,1,1,
8,16,24,32,0.664423,0.374337,0.168671,0.0605716,1,1,1,1,
8,16,24,32,0.664423,0.374337,0.168671,0.0535221,1,1,1,1,
8.25,16.5,24.75,33,0.914423,0.874337,0.918671,1,1,1,1,1,
8.25,16.5,24.75,33,0.914423,0.874337,0.918671,0.984093,1,1,1,1,
8.25,16.5,24.75,33,0.905131,0.674515,0.53833,0.508812,1,1,1,1,
8.25,16.5,24.75,33,0.905131,0.674515,0.53833,0.500452,1,1,1,1,
8.25,16.5,24.75,33,0.858923,0.609835,0.427867,0.352495,1,1,1,1,
8.25,16.5,24.75,33,0.790279,0.575855,0.375382,0.259532,1,1,1,1,
8.5,17,25.5,34,1,1,1,1,1,1,1,1,
8.5,17,25.5,34,0.925262,0.899133,0.901018,0.873599,1,1,1,1,
8.5,17,25.5,34,0.901309,0.740944,0.6887,0.645302,1,1,1,1,
8.5,17,25.5,34,0.807327,0.623322,0.505664,0.426693,1,1,1,1,
8.5,17,25.5,34,0.645862,0.415548,0.288951,0.213346,1,1,1,1,
8.5,17,25.5,34,0.645862,0.415548,0.288951,0.189689,1,1,1,1,
8.75,17.5,26.25,35,0.895862,0.915548,1,1,1,1,1,1,
8.75,17.5,26.25,35,0.895862,0.863044,0.866678,0.80187,1,1,1,1,
8.75,17.5,26.25,35,0.895862,0.863044,0.866678,0.792849,1,1,1,1,
8.75,17.5,26.25,35,0.895862,0.863044,0.851757,0.692622,1,1,1,1,
8.75,17.5,26.25,35,0.895862,0.863044,0.851757,0.662498,1,1,1,1,
8.75,17.5,26.25,35,0.895862,0.697703,0.525276,0.331249,1,1,1,1,
8.75,17.5,26.25,35,0.836288,0.602,0.422561,0.259106,1,1,1,1,
8.75,17.5,26.25,35,0.836288,0.602,0.422561,0.257344,1,1,1,1,
8.75,17.5,26.25,35,0.725752,0.502701,0.341446,0.19482,1,1,1,1,
8.75,17.5,26.25,35,0.712909,0.481054,0.296684,0.152051,1,1,1,1,
8.75,17.5,26.25,35,0.712909,0.481054,0.288837,0.127584,1,1,1,1,
8.75,17.5,26.25,35,0.712909,0.470151,0.223589,0.0852962,1,1,1,1,
8.75,17.5,26.25,35,0.703863,0.400519,0.190182,0.0678301,1,1,1,1,
8.75,17.5,26.25,35,0.644769,0.3437,0.158476,0.0537572,1,1,1,1,
8.75,17.5,26.25,35,0.644769,0.304522,0.122029,0.0378213,1,1,1,1,
9,18,27,36,0.894769,0.804522,0.872029,1,1,1,1,1,
9,18,27,36,0.876783,0.700979,0.672979,0.700647,1,1,1,1,
9,18,27,36,0.876783,0.700979,0.672979,0.687528,1,1,1,1,
9,18,27,36,0.782453,0.682013,0.656045,0.609182,1,1,1,1,
9,18,27,36,0.695839,0.545134,0.493526,0.431134,1,1,1,1,
9,18,27,36,0.695839,0.536981,0.443364,0.35005,1,1,1,1,
9.25,18.5,27.75,37,0.945839,1,1,1,1,1,1,1,
9.25,18.5,27.75,37,0.83019,0.794112,0.7597,0.701444,1,1,1,1,
9.25,18.5,27.75,37,0.83019,0.794112,0.7597,0.672144,1,1,1,1,
9.25,18.5,27.75,37,0.83019,0.785371,0.707575,0.575502,1,1,1,1,
9.25,18.5,27.75,37,0.743002,0.597469,0.449959,0.31004,1,1,1,1,
9.25,18.5,27.75,37,0.743002,0.597469,0.449959,0.277584,1,1,1,1,
9.25,18.5,27.75,37,0.648922,0.477069,0.335218,0.19888,1,1,1,1,
9.25,18.5,27.75,37,0.648922,0.477069,0.334432,0.177634,1,1,1,1,
9.25,18.5,27.75,37,0.577652,0.367405,0.223962,0.112931,1,1,1,1,
9.5,19,28.5,38,0.827652,0.867405,0.973962,1,1,1,1,1,
9.5,19,28.5,38,0.827652,0.867405,0.913214,0.85011,1,1,1,1,
9.5,19,28.5,38,0.725973,0.590951,0.521837,0.425055,1,1,1,1,
9.5,19,28.5,38,0.725973,0.590951,0.521837,0.411896,1,1,1,1,
9.5,19,28.5,38,0.725973,0.590951,0.521837,0.405622,1,1,1,1,
9.5,19,28.5,38,0.725973,0.498732,0.333177,0.202811,1,1,1,1,
9.5,19,28.5,38,0.725973,0.498732,0.333177,0.188813,1,1,1,1,
9.75,19.5,29.25,39,0.975973,0.998732,1,1,1,1,1,1,
9.75,19.5,29.25,39,0.975973,0.998732,1,0.91682,1,1,1,1,
9.75,19.5,29.25,39,0.830512,0.665821,0.597654,0.533662,1,1,1,1,
9.75,19.5,29.25,39,0.830512,0.665821,0.569392,0.442588,1,1,1,1,
9.75,19.5,29.25,39,0.830512,0.644328,0.462894,0.322517,1,1,1,1,
9.75,19.5,29.25,39,0.66441,0.438999,0.303633,0.201027,1,1,1,1,
9.75,19.5,29.25,39,0.531528,0.292666,0.173504,0.100513,1,1,1,1,
9.75,19.5,29.25,39,0.531528,0.292666,0.173504,0.0997014,1,1,1,1,
9.75,19.5,29.25,39,0.531528,0.259052,0.112914,0.0498507,1,1,1,1,
10,20,30,40,0.781528,0.759052,0.862914,1,1,1,1,1,
10,20,30,40,0.781528,0.759052,0.862914,0.993269,1,1,1,1,
10,20,30,40,0.781528,0.759052,0.862914,0.944672,1,1,1,1,
10,20,30,40,0.755674,0.61255,0.536449,0.472336,1,1,1,1,
10,20,30,40,0.660189,0.468671,0.391091,0.32577,1,1,1,1,
10,20,30,40,0.660189,0.468671,0.391091,0.31086,1,1,1,1,
10,20,30,40,0.650147,0.375465,0.24283,0.15543,1,1,1,1,
10.25,20.5,30.75,41,0.900147,0.875465,0.99283,1,1,1,1,1,
10.25,20.5,30.75,41,0.900147,0.875465,0.99283,0.997619,1,1,1,1,
10.25,20.5,30.75,41,0.900147,0.875465,0.99283,0.878874,1,1,1,1,
10.25,20.5,30.75,41,0.900147,0.789931,0.653724,0.467245,1,1,1,1,
10.5,21,31.5,42,1,1,1,1,1,1,1,1,
10.5,21,31.5,42,1,1,1,0.980164,1,1,1,1,
10.5,21,31.5,42,1,0.930795,0.829525,0.723287,1,1,1,1,
10.5,21,31.5,42,1,0.930795,0.829525,0.720891,1,1,1,1,
10.5,21,31.5,42,1,0.834854,0.545125,0.360445,1,1,1,1,
10.5,21,31.5,42,0.856687,0.556569,0.3115,0.180223,1,1,1,1,
10.5,21,31.5,42,0.856687,0.556569,0.3115,0.160508,1,1,1,1,
10.5,21,31.5,42,0.856687,0.556569,0.3115,0.158204,1,1,1,1,
10.75,21.5,32.25,43,1,1,1,1,1,1,1,1,
11,22,33,44,1,1,1,1,1,1,1,1,
11,22,33,44,1,1,1,0.981524,1,1,1,1,
11,22,33,44,1,1,1,0.918693,1,1,1,1,
11,22,33,44,1,0.919343,0.785423,0.660497,1,1,1,1,
11,22,33,44,1,0.919343,0.785423,0.656602,1,1,1,1,
11.25,22.5,33.75,45,1,1,1,1,1,1,1,1,
11.25,22.5,33.75,45,1,0.992791,0.829632,0.698601,1,1,1,1,
11.25,22.5,33.75,45,0.845886,0.661861,0.474076,0.3493,1,1,1,1,
11.25,22.5,33.75,45,0.845886,0.661861,0.474076,0.329601,1,1,1,1,
11.25,22.5,33.75,45,0.845886,0.661861,0.474076,0.314053,1,1,1,1,
11.25,22.5,33.75,45,0.845886,0.520945,0.290746,0.157026,1,1,1,1,
11.25,22.5,33.75,45,0.845886,0.520945,0.290746,0.143504,1,1,1,1,
11.25,22.5,33.75,45,0.845886,0.520945,0.290746,0.142738,1,1,1,1,
11.25,22.5,33.75,45,0.845886,0.462114,0.190022,0.0713688,1,1,1,1,
11.25,22.5,33.75,45,0.682618,0.333159,0.135385,0.0490675,1,1,1,1,
11.25,22.5,33.75,45,0.682618,0.333159,0.135385,0.047656,1,1,1,1,
11.25,22.5,33.75,45,0.682618,0.27287,0.092573,0.0285751,1,1,1,1,
11.25,22.5,33.75,45,0.682618,0.27287,0.092573,0.0262954,1,1,1,1,
11.25,22.5,33.75,45,0.682618,0.27287,0.092573,0.0260191,1,1,1,1,
11.25,22.5,33.75,45,0.682618,0.241096,0.060142,0.0130096,1,1,1,1,
11.25,22.5,33.75,45,0.648007,0.201468,0.0446848,0.00870353,1,1,1,1,
11.25,22.5,33.75,45,0.648007,0.201468,0.0446848,0.00820584,1,1,1,1,
11.25,22.5,33.75,45,0.648007,0.201468,0.0437878,0.00700044,1,1,1,1,
11.25,22.5,33.75,45,0.571748,0.150841,0.0296249,0.00455136,1,1,1,1,
11.25,22.5,33.75,45,0.571748,0.150841,0.0296249,0.00449282,1,1,1,1,
11.25,22.5,33.75,45,0.551424,0.128583,0.0207667,0.00273654,1,1,1,1,
11.25,22.5,33.75,45,0.525483,0.128583,0.0207667,0.00249737,1,1,1,1,
11.25,22.5,33.75,45,0.449484,0.0950747,0.0143121,0.00161255,1,1,1,1,
11.25,22.5,33.75,45,0.421998,0.0767101,0.0099446,0.00101465,1,1,1,1,
11.5,23,34.5,46,0.671998,0.57671,0.759945,1,1,1,1,1,
11.5,23,34.5,46,0.671998,0.57671,0.759945,0.97976,1,1,1,1,
11.5,23,34.5,46,0.600961,0.468774,0.482979,0.48988,1,1,1,1,
11.5,23,34.5,46,0.600961,0.468774,0.482979,0.46344,1,1,1,1,
11.5,23,34.5,46,0.551541,0.405572,0.405319,0.358891,1,1,1,1,
11.5,23,34.5,46,0.472305,0.297084,0.255045,0.207139,1,1,1,1,
11.5,23,34.5,46,0.472305,0.297084,0.255045,0.191075,1,1,1,1,
11.75,23.5,35.25,47,0.722305,0.797084,1,1,1,1,1,1,
11.75,23.5,35.25,47,0.678587,0.613861,0.605313,0.543603,1,1,1,1,
11.75,23.5,35.25,47,0.678587,0.613861,0.605313,0.533114,1,1,1,1,
11.75,23.5,35.25,47,0.678587,0.613861,0.605313,0.527541,1,1,1,1,
11.75,23.5,35.25,47,0.678587,0.545083,0.393001,0.263771,1,1,1,1,
11.75,23.5,35.25,47,0.678587,0.545083,0.393001,0.241702,1,1,1,1,
11.75,23.5,35.25,47,0.608823,0.403519,0.233364,0.120851,1,1,1,1,
11.75,23.5,35.25,47,0.608823,0.403519,0.233364,0.118555,1,1,1,1,
11.75,23.5,35.25,47,0.575607,0.325343,0.17366,0.0817923,1,1,1,1,
11.75,23.5,35.25,47,0.575607,0.325343,0.17366,0.0709126,1,1,1,1,
12,24,36,48,0.825607,0.825343,0.92366,1,1,1,1,1,
12,24,36,48,0.788957,0.741286,0.676125,0.641628,1,1,1,1,
12,24,36,48,0.746181,0.58973,0.460548,0.401233,1,1,1,1,
12,24,36,48,0.67559,0.548027,0.41082,0.328921,1,1,1,1,
12.25,24.5,36.75,49,0.92559,1,1,1,1,1,1,1,
12.25,24.5,36.75,49,0.92559,1,1,0.987466,1,1,1,1,
12.25,24.5,36.75,49,0.740472,0.687675,0.620555,0.566513,1,1,1,1,
12.25,24.5,36.75,49,0.740472,0.687675,0.577358,0.464914,1,1,1,1,
12.25,24.5,36.75,49,0.740472,0.687675,0.577358,0.425294,1,1,1,1,
12.25,24.5,36.75,49,0.740472,0.687675,0.577358,0.41991,1,1,1,1,
12.25,24.5,36.75,49,0.740472,0.619661,0.483685,0.333518,1,1,1,1,
12.25,24.5,36.75,49,0.592377,0.442269,0.31625,0.209929,1,1,1,1,
12.25,24.5,36.75,49,0.592377,0.442269,0.31625,0.209606,1,1,1,1,
12.25,24.5,36.75,49,0.592377,0.442269,0.313701,0.172905,1,1,1,1,
12.25,24.5,36.75,49,0.549849,0.331162,0.179258,0.0864523,1,1,1,1,
12.25,24.5,36.75,49,0.549849,0.331162,0.151581,0.0612073,1,1,1,1,
12.25,24.5,36.75,49,0.549849,0.331162,0.151581,0.0534206,1,1,1,1,
12.5,25,37.5,50,0.799849,0.831162,0.901581,1,1,1,1,1,
12.5,25,37.5,50,0.799849,0.831162,0.890413,0.90165,1,1,1,1,
12.5,25,37.5,50,0.799849,0.831162,0.888789,0.814123,1,1,1,1,
12.5,25,37.5,50,0.751892,0.578352,0.512031,0.486183,1,1,1,1,
12.5,25,37.5,50,0.751892,0.578352,0.512031,0.452717,1,1,1,1,
12.5,25,37.5,50,0.718045,0.529219,0.394709,0.316638,1,1,1,1,
12.5,25,37.5,50,0.666411,0.478816,0.33055,0.227973,1,1,1,1,
12.75,25.5,38.25,51,0.916411,0.978816,1,1,1,1,1,1,
12.75,25.5,38.25,51,0.852973,0.801113,0.766627,0.70918,1,1,1,1,
12.75,25.5,38.25,51,0.852973,0.801113,0.766627,0.68732,1,1,1,1,
13,26,39,52,1,1,1,1,1,1,1,1,
13,26,39,52,1,1,1,0.957525,1,1,1,1,
13,26,39,52,1,0.979644,0.950574,0.8334,1,1,1,1,
13,26,39,52,1,0.979644,0.950574,0.778952,1,1,1,1,
13.25,26.5,39.75,53,1,1,1,1,1,1,1,1,
13.5,27,40.5,54,1,1,1,1,1,1,1,1,
13.5,27,40.5,54,1,1,1,0.95031,1,1,1,1,
13.5,27,40.5,54,1,1,1,0.888957,1,1,1,1,
13.5,27,40.5,54,0.961463,0.782687,0.606273,0.444478,1,1,1,1,
13.5,27,40.5,54,0.961463,0.782687,0.606273,0.403474,1,1,1,1,
13.5,27,40.5,54,0.76917,0.521791,0.346442,0.211492,1,1,1,1,
13.5,27,40.5,54,0.76917,0.505637,0.271163,0.138758,1,1,1,1,
13.5,27,40.5,54,0.76917,0.505637,0.271163,0.133878,1,1,1,1,
13.5,27,40.5,54,0.76917,0.505637,0.271163,0.131661,1,1,1,1,
13.5,27,40.5,54,0.76917,0.505637,0.271163,0.12945,1,1,1,1,
13.5,27,40.5,54,0.76917,0.505637,0.271163,0.124905,1,1,1,1,
13.5,27,40.5,54,0.76917,0.505637,0.271163,0.110395,1,1,1,1,
13.5,27,40.5,54,0.76917,0.431603,0.174145,0.0600472,1,1,1,1,
13.5,27,40.5,54,0.76917,0.384929,0.134978,0.0414541,1,1,1,1,
13.5,27,40.5,54,0.713624,0.329056,0.108726,0.0301374,1,1,1,1,
13.5,27,40.5,54,0.713624,0.329056,0.100286,0.0242792,1,1,1,1,
13.5,27,40.5,54,0.713624,0.329056,0.0958896,0.0204447,1,1,1,1,
13.5,27,40.5,54,0.632661,0.260658,0.0737255,0.0152518,1,1,1,1,
13.5,27,40.5,54,0.628858,0.256678,0.0721465,0.0137414,1,1,1,1,
13.5,27,40.5,54,0.505517,0.172879,0.0417374,0.00722863,1,1,1,1,
13.5,27,40.5,54,0.505517,0.172879,0.039404,0.00615529,1,1,1,1,
13.5,27,40.5,54,0.479679,0.147316,0.0304004,0.00425107,1,1,1,1,
13.5,27,40.5,54,0.479679,0.147316,0.0304004,0.00416731,1,1,1,1,
13.5,27,40.5,54,0.383743,0.0982107,0.0173717,0.00210439,1,1,1,1,
13.5,27,40.5,54,0.383743,0.0945074,0.0145875,0.00156823,1,1,1,1,
13.5,27,40.5,54,0.383743,0.0945074,0.0145875,0.00145651,1,1,1,1,
13.5,27,40.5,54,0.383743,0.0747445,0.00882952,0.000728256,1,1,1,1,
13.5,27,40.5,54,0.383743,0.0747445,0.00882952,0.000711073,1,1,1,1,
13.5,27,40.5,54,0.383743,0.0747445,0.00882952,0.000607427,1,1,1,1,
13.5,27,40.5,54,0.383743,0.0747445,0.00882952,0.000592601,1,1,1,1,
13.5,27,40.5,54,0.313232,0.0498296,0.00504544,0.000326731,1,1,1,1,
13.5,27,40.5,54,0.313232,0.0498296,0.00410571,0.000210611,1,1,1,1,
13.5,27,40.5,54,0.285061,0.0337299,0.00234612,0.000105305,1,1,1,1,
13.75,27.5,41.25,55,0.535061,0.53373,0.752346,1,1,1,1,1,
14,28,42,56,0.785061,1,1,1,1,1,1,1,
14,28,42,56,0.785061,1,1,0.967519,1,1,1,1,
14,28,42,56,0.785061,1,1,0.892663,1,1,1,1,
14.25,28.5,42.75,57,1,1,1,1,1,1,1,1,
14.25,28.5,42.75,57,1,1,1,0.966258,1,1,1,1,
14.25,28.5,42.75,57,0.938663,0.82534,0.63131,0.483129,1,1,1,1,
14.25,28.5,42.75,57,0.938663,0.82534,0.63131,0.482329,1,1,1,1,
14.25,28.5,42.75,57,0.938663,0.82534,0.63131,0.479599,1,1,1,1,
14.25,28.5,42.75,57,0.8486,0.82534,0.596036,0.388719,1,1,1,1,
14.25,28.5,42.75,57,0.821594,0.82534,0.559511,0.322486,1,1,1,1,
14.25,28.5,42.75,57,0.730124,0.550227,0.341943,0.193396,1,1,1,1,
14.25,28.5,42.75,57,0.65754,0.481225,0.258325,0.129144,1,1,1,1,
14.5,29,43.5,58,0.90754,0.981225,1,1,1,1,1,1,
14.5,29,43.5,58,0.864059,0.910603,0.827893,0.738192,1,1,1,1,
14.5,29,43.5,58,0.864059,0.910603,0.822538,0.628224,1,1,1,1,
14.5,29,43.5,58,0.780231,0.694244,0.602034,0.458047,1,1,1,1,
14.5,29,43.5,58,0.703088,0.57493,0.446923,0.325859,1,1,1,1,
14.5,29,43.5,58,0.703088,0.57493,0.446923,0.324939,1,1,1,1,
14.5,29,43.5,58,0.703088,0.57493,0.446923,0.30157,1,1,1,1,
14.5,29,43.5,58,0.703088,0.511918,0.29398,0.156409,1,1,1,1,
14.5,29,43.5,58,0.703088,0.511918,0.29398,0.155752,1,1,1,1,
14.5,29,43.5,58,0.586939,0.341279,0.167989,0.0780401,1,1,1,1,
14.75,29.5,44.25,59,0.836939,0.841279,0.917989,1,1,1,1,1,
14.75,29.5,44.25,59,0.836939,0.841279,0.917989,0.896675,1,1,1,1,
14.75,29.5,44.25,59,0.836939,0.841279,0.917989,0.824202,1,1,1,1,
14.75,29.5,44.25,59,0.836939,0.841279,0.845879,0.68807,1,1,1,1,
14.75,29.5,44.25,59,0.824766,0.642271,0.519175,0.389321,1,1,1,1,
14.75,29.5,44.25,59,0.824766,0.642271,0.519175,0.366755,1,1,1,1,
14.75,29.5,44.25,59,0.824766,0.642271,0.518325,0.313343,1,1,1,1,
14.75,29.5,44.25,59,0.742672,0.480422,0.296186,0.156671,1,1,1,1,
15,30,45,60,0.992672,0.980422,1,1,1,1,1,1,
15,30,45,60,0.794137,0.653615,0.586217,0.536322,1,1,1,1,
15,30,45,60,0.63531,0.435743,0.334981,0.268161,1,1,1,1,
15,30,45,60,0.508248,0.290495,0.191418,0.134081,1,1,1,1,
15.25,30.5,45.75,61,0.758248,0.790495,0.941418,1,1,1,1,1,
15.25,30.5,45.75,61,0.758248,0.790495,0.941418,0.996455,1,1,1,1,
15.25,30.5,45.75,61,0.758248,0.790495,0.941418,0.977529,1,1,1,1,
15.5,31,46.5,62,1,1,1,1,1,1,1,1,
15.5,31,46.5,62,1,1,1,0.988626,1,1,1,1,
15.75,31.5,47.25,63,1,1,1,1,1,1,1,1,
15.75,31.5,47.25,63,1,1,0.978105,0.799108,1,1,1,1,
15.75,31.5,47.25,63,1,1,0.97308,0.66755,1,1,1,1,
15.75,31.5,47.25,63,1,0.763251,0.556046,0.333775,1,1,1,1,
15.75,31.5,47.25,63,1,0.763251,0.555856,0.285805,1,1,1,1,
15.75,31.5,47.25,63,1,0.763251,0.555856,0.284982,1,1,1,1,
15.75,31.5,47.25,63,1,0.701912,0.365791,0.142491,1,1,1,1,
15.75,31.5,47.25,63,1,0.701912,0.365791,0.142417,1,1,1,1,
15.75,31.5,47.25,63,1,0.661337,0.24268,0.0712084,1,1,1,1,
15.75,31.5,47.25,63,1,0.661337,0.24268,0.071154,1,1,1,1,
15.75,31.5,47.25,63,1,0.62023,0.160953,0.035577,1,1,1,1,
15.75,31.5,47.25,63,0.967715,0.609416,0.160953,0.0340606,1,1,1,1,
15.75,31.5,47.25,63,0.967715,0.528922,0.154828,0.0304337,1,1,1,1,
15.75,31.5,47.25,63,0.892078,0.390988,0.0904399,0.0164025,1,1,1,1,
15.75,31.5,47.25,63,0.876626,0.358307,0.0805578,0.0133316,1,1,1,1,
15.75,31.5,47.25,63,0.868812,0.354594,0.0805578,0.012191,1,1,1,1,
15.75,31.5,47.25,63,0.868812,0.354594,0.0805578,0.0121589,1,1,1,1,
15.75,31.5,47.25,63,0.700042,0.238041,0.046033,0.00635914,1,1,1,1,
15.75,31.5,47.25,63,0.695252,0.238041,0.0385496,0.0041754,1,1,1,1,
15.75,31.5,47.25,63,0.695252,0.238041,0.0385496,0.00371944,1,1,1,1,
16,32,48,64,0.945252,0.738041,0.78855,1,1,1,1,1,
16.25,32.5,48.75,65,1,1,1,1,1,1,1,1,
16.25,32.5,48.75,65,1,1,1,0.99448,1,1,1,1,
16.25,32.5,48.75,65,1,1,1,0.937706,1,1,1,1,
16.25,32.5,48.75,65,1,0.959479,0.950778,0.820738,1,1,1,1,
16.25,32.5,48.75,65,0.924836,0.785529,0.631358,0.449647,1,1,1,1,
16.25,32.5,48.75,65,0.908069,0.692405,0.577295,0.397562,1,1,1,1,
16.25,32.5,48.75,65,0.908069,0.692405,0.577295,0.380475,1,1,1,1,
16.25,32.5,48.75,65,0.737147,0.501216,0.346855,0.20609,1,1,1,1,
16.25,32.5,48.75,65,0.737147,0.501216,0.325297,0.168956,1,1,1,1,
16.25,32.5,48.75,65,0.737147,0.490243,0.297853,0.140113,1,1,1,1,
16.25,32.5,48.75,65,0.737147,0.447671,0.244246,0.102402,1,1,1,1,
16.25,32.5,48.75,65,0.737147,0.447671,0.244246,0.0974322,1,1,1,1,
16.25,32.5,48.75,65,0.622801,0.298447,0.139569,0.0499278,1,1,1,1,
16.25,32.5,48.75,65,0.622801,0.298447,0.139569,0.0443572,1,1,1,1,
16.25,32.5,48.75,65,0.622801,0.282771,0.118374,0.0351334,1,1,1,1,
16.25,32.5,48.75,65,0.622801,0.282771,0.118374,0.034594,1,1,1,1,
16.5,33,49.5,66,0.872801,0.782771,0.868374,1,1,1,1,1,
16.5,33,49.5,66,0.84419,0.726943,0.756803,0.807333,1,1,1,1,
16.5,33,49.5,66,0.84419,0.726943,0.668693,0.632179,1,1,1,1,
16.5,33,49.5,66,0.675352,0.484629,0.409343,0.35455,1,1,1,1,
16.5,33,49.5,66,0.672728,0.419663,0.300512,0.227154,1,1,1,1,
16.5,33,49.5,66,0.665024,0.405031,0.274174,0.186775,1,1,1,1,
16.5,33,49.5,66,0.532019,0.270021,0.156671,0.0933876,1,1,1,1,
16.5,33,49.5,66,0.532019,0.270021,0.156671,0.0872457,1,1,1,1,
16.5,33,49.5,66,0.532019,0.270021,0.156671,0.086028,1,1,1,1,
16.5,33,49.5,66,0.512658,0.255418,0.138312,0.06923,1,1,1,1,
16.5,33,49.5,66,0.492659,0.202585,0.0894591,0.0386004,1,1,1,1,
16.75,33.5,50.25,67,0.742659,0.702585,0.839459,1,1,1,1,1,
16.75,33.5,50.25,67,0.742659,0.702585,0.839459,0.975714,1,1,1,1,
16.75,33.5,50.25,67,0.697688,0.56423,0.528835,0.487857,1,1,1,1,
16.75,33.5,50.25,67,0.697688,0.56423,0.507551,0.402933,1,1,1,1,
16.75,33.5,50.25,67,0.598613,0.397761,0.290029,0.201467,1,1,1,1,
16.75,33.5,50.25,67,0.598613,0.397761,0.290029,0.200019,1,1,1,1,
16.75,33.5,50.25,67,0.598613,0.359854,0.189632,0.10001,1,1,1,1,
16.75,33.5,50.25,67,0.543791,0.239903,0.108361,0.0500048,1,1,1,1,
16.75,33.5,50.25,67,0.543791,0.239903,0.108361,0.049599,1,1,1,1,
16.75,33.5,50.25,67,0.524779,0.205955,0.0704363,0.0247995,1,1,1,1,
16.75,33.5,50.25,67,0.524779,0.205955,0.0704363,0.0244737,1,1,1,1,
17,34,51,68,0.774779,0.705955,0.820436,1,1,1,1,1,
17.25,34.5,51.75,69,1,1,1,1,1,1,1,1,
17.25,34.5,51.75,69,1,1,1,0.976102,1,1,1,1,
17.25,34.5,51.75,69,1,1,1,0.971593,1,1,1,1,
17.25,34.5,51.75,69,1,1,1,0.960857,1,1,1,1,
17.5,35,52.5,70,1,1,1,1,1,1,1,1,
17.5,35,52.5,70,1,1,1,0.971768,1,1,1,1,
17.5,35,52.5,70,0.844332,0.777461,0.629577,0.485884,1,1,1,1,
17.5,35,52.5,70,0.844332,0.777461,0.629577,0.435301,1,1,1,1,
17.5,35,52.5,70,0.844332,0.777461,0.605922,0.356222,1,1,1,1,
17.5,35,52.5,70,0.744151,0.561286,0.346241,0.178111,1,1,1,1,
17.75,35.5,53.25,71,0.994151,1,1,1,1,1,1,1,
17.75,35.5,53.25,71,0.984259,0.948507,0.820555,0.742221,1,1,1,1,
17.75,35.5,53.25,71,0.984259,0.948507,0.820555,0.70264,1,1,1,1,
17.75,35.5,53.25,71,0.793725,0.680551,0.547578,0.440137,1,1,1,1,
17.75,35.5,53.25,71,0.793725,0.680551,0.547578,0.433331,1,1,1,1,
17.75,35.5,53.25,71,0.793725,0.64731,0.410787,0.268031,1,1,1,1,
17.75,35.5,53.25,71,0.793725,0.555712,0.302082,0.165601,1,1,1,1,
17.75,35.5,53.25,71,0.793725,0.555712,0.302082,0.165117,1,1,1,1,
17.75,35.5,53.25,71,0.653913,0.370475,0.172618,0.0826794,1,1,1,1,
17.75,35.5,53.25,71,0.653913,0.370475,0.172618,0.0821614,1,1,1,1,
17.75,35.5,53.25,71,0.653913,0.340156,0.113243,0.0410807,1,1,1,1,
17.75,35.5,53.25,71,0.653913,0.340156,0.113243,0.0389262,1,1,1,1,
17.75,35.5,53.25,71,0.595589,0.22677,0.0647104,0.0199872,1,1,1,1,
17.75,35.5,53.25,71,0.595589,0.22677,0.0647104,0.0186002,1,1,1,1,
18,36,54,72,0.845589,0.72677,0.81471,1,1,1,1,1,
18,36,54,72,0.845589,0.72677,0.81471,0.900421,1,1,1,1,
18,36,54,72,0.845589,0.72677,0.81471,0.895838,1,1,1,1,
18,36,54,72,0.826211,0.576365,0.48917,0.449062,1,1,1,1,
18,36,54,72,0.826211,0.576365,0.48917,0.440848,1,1,1,1,
18,36,54,72,0.660969,0.384244,0.279526,0.222459,1,1,1,1,
18,36,54,72,0.660969,0.384244,0.279526,0.212041,1,1,1,1,
18,36,54,72,0.660969,0.384244,0.274459,0.171457,1,1,1,1,
18,36,54,72,0.637668,0.380626,0.22671,0.123446,1,1,1,1,
18,36,54,72,0.637668,0.380626,0.22671,0.116689,1,1,1,1,
18,36,54,72,0.637668,0.380626,0.226136,0.104695,1,1,1,1,
18,36,54,72,0.565291,0.292837,0.137977,0.0551835,1,1,1,1,
18,36,54,72,0.526978,0.259678,0.116564,0.0437878,1,1,1,1,
18.25,36.5,54.75,73,0.776978,0.759678,0.866564,1,1,1,1,1,
18.25,36.5,54.75,73,0.745445,0.663506,0.684782,0.713931,1,1,1,1,
18.25,36.5,54.75,73,0.714798,0.60546,0.592219,0.574539,1,1,1,1,
18.25,36.5,54.75,73,0.714798,0.60546,0.569305,0.503728,1,1,1,1,
18.25,36.5,54.75,73,0.714798,0.582945,0.555983,0.460029,1,1,1,1,
18.25,36.5,54.75,73,0.714798,0.582945,0.555983,0.452059,1,1,1,1,
18.25,36.5,54.75,73,0.610953,0.459969,0.39953,0.315442,1,1,1,1,
18.5,37,55.5,74,0.860953,0.959969,1,1,1,1,1,1,
18.75,37.5,56.25,75,1,1,1,1,1,1,1,1,
18.75,37.5,56.25,75,1,1,0.951745,0.79037,1,1,1,1,
18.75,37.5,56.25,75,0.993398,0.961121,0.873179,0.655366,1,1,1,1,
18.75,37.5,56.25,75,0.993398,0.961121,0.827961,0.566929,1,1,1,1,
18.75,37.5,56.25,75,0.993398,0.961121,0.827961,0.539072,1,1,1,1,
18.75,37.5,56.25,75,0.880979,0.695104,0.511106,0.320485,1,1,1,1,
18.75,37.5,56.25,75,0.880979,0.695104,0.511106,0.304117,1,1,1,1,
18.75,37.5,56.25,75,0.880979,0.695104,0.511106,0.285967,1,1,1,1,
19,38,57,76,1,1,1,1,1,1,1,1,
19,38,57,76,0.966997,0.904851,0.823623,0.74665,1,1,1,1,
19,38,57,76,0.966997,0.904851,0.737352,0.570832,1,1,1,1,
19,38,57,76,0.966997,0.873838,0.663724,0.466401,1,1,1,1,
19,38,57,76,0.773597,0.596181,0.426597,0.287077,1,1,1,1,
19.25,38.5,57.75,77,1,1,1,1,1,1,1,1,
19.25,38.5,57.75,77,1,0.924704,0.805337,0.719043,1,1,1,1,
19.5,39,58.5,78,1,1,1,1,1,1,1,1,
19.5,39,58.5,78,1,1,0.968195,0.83331,1,1,1,1,
19.5,39,58.5,78,1,1,0.968195,0.785804,1,1,1,1,
19.5,39,58.5,78,1,1,0.968195,0.745823,1,1,1,1,
19.5,39,58.5,78,1,1,0.968195,0.711472,1,1,1,1,
19.5,39,58.5,78,1,0.8031,0.594181,0.364121,1,1,1,1,
19.5,39,58.5,78,1,0.8031,0.594181,0.363079,1,1,1,1,
19.5,39,58.5,78,0.969408,0.8031,0.587435,0.324759,1,1,1,1,
19.5,39,58.5,78,0.959251,0.705239,0.454496,0.222978,1,1,1,1,
19.5,39,58.5,78,0.805341,0.51173,0.300015,0.138292,1,1,1,1,
19.5,39,58.5,78,0.805341,0.51173,0.300015,0.127995,1,1,1,1,
19.5,39,58.5,78,0.805341,0.51173,0.263162,0.094634,1,1,1,1,
19.5,39,58.5,78,0.739149,0.41753,0.198012,0.0664374,1,1,1,1,
19.5,39,58.5,78,0.739149,0.340389,0.131794,0.0390338,1,1,1,1,
19.5,39,58.5,78,0.739149,0.340389,0.131794,0.0372872,1,1,1,1,
19.5,39,58.5,78,0.739149,0.340389,0.131794,0.0355981,1,1,1,1,
19.5,39,58.5,78,0.602116,0.226926,0.075311,0.0186184,1,1,1,1,
19.5,39,58.5,78,0.602116,0.225898,0.0603821,0.0122247,1,1,1,1,
19.5,39,58.5,78,0.602116,0.225898,0.0603821,0.0111589,1,1,1,1,
19.5,39,58.5,78,0.565576,0.216994,0.0572374,0.00955418,1,1,1,1,
19.5,39,58.5,78,0.452461,0.144662,0.0327071,0.00477709,1,1,1,1,
19.5,39,58.5,78,0.452461,0.144662,0.0327071,0.00470784,1,1,1,1,
19.75,39.5,59.25,79,0.702461,0.644662,0.782707,1,1,1,1,1,
19.75,39.5,59.25,79,0.702461,0.60641,0.621668,0.704268,1,1,1,1,
19.75,39.5,59.25,79,0.701443,0.551452,0.567765,0.598234,1,1,1,1,
20,40,60,80,0.951443,1,1,1,1,1,1,1,
20,40,60,80,0.951443,1,1,0.987476,1,1,1,1,
20,40,60,80,0.896732,0.813018,0.641021,0.493738,1,1,1,1,
20,40,60,80,0.896732,0.813018,0.641021,0.482531,1,1,1,1,
20,40,60,80,0.751979,0.638546,0.518438,0.370632,1,1,1,1,
20,40,60,80,0.751979,0.638546,0.518438,0.351918,1,1,1,1,
20,40,60,80,0.751979,0.606832,0.467352,0.296467,1,1,1,1,
20,40,60,80,0.690791,0.48687,0.315976,0.185239,1,1,1,1,
20.25,40.5,60.75,81,0.940791,0.98687,1,1,1,1,1,1,
20.25,40.5,60.75,81,0.940791,0.98687,0.88285,0.755348,1,1,1,1,
20.25,40.5,60.75,81,0.940791,0.98687,0.88285,0.723969,1,1,1,1,
20.25,40.5,60.75,81,0.940791,0.98687,0.88285,0.694685,1,1,1,1,
20.25,40.5,60.75,81,0.922678,0.778504,0.546297,0.347343,1,1,1,1,
20.25,40.5,60.75,81,0.866983,0.628895,0.39911,0.237931,1,1,1,1,
20.25,40.5,60.75,81,0.866983,0.628895,0.39911,0.215193,1,1,1,1,
20.25,40.5,60.75,81,0.798692,0.621878,0.397862,0.193268,1,1,1,1,
20.25,40.5,60.75,81,0.77552,0.621878,0.397862,0.178704,1,1,1,1,
20.25,40.5,60.75,81,0.721865,0.55026,0.35421,0.15529,1,1,1,1,
20.25,40.5,60.75,81,0.611328,0.402368,0.218617,0.0830881,1,1,1,1,
20.25,40.5,60.75,81,0.611328,0.353016,0.168457,0.0615828,1,1,1,1,
20.25,40.5,60.75,81,0.611328,0.350294,0.146016,0.0478805,1,1,1,1,
20.5,41,61.5,82,0.861328,0.850294,0.896016,1,1,1,1,1,
20.5,41,61.5,82,0.752172,0.566863,0.512009,0.51169,1,1,1,1,
20.5,41,61.5,82,0.693835,0.488033,0.411151,0.370881,1,1,1,1,
20.5,41,61.5,82,0.693835,0.488033,0.411151,0.362398,1,1,1,1,
20.5,41,61.5,82,0.693835,0.488033,0.411151,0.333799,1,1,1,1,
20.5,41,61.5,82,0.693835,0.488033,0.411151,0.319758,1,1,1,1,
20.5,41,61.5,82,0.671203,0.387864,0.253383,0.159879,1,1,1,1,
20.5,41,61.5,82,0.55135,0.299567,0.185455,0.111719,1,1,1,1,
20.5,41,61.5,82,0.55135,0.299567,0.185455,0.105253,1,1,1,1,
20.5,41,61.5,82,0.51459,0.235444,0.125145,0.0634692,1,1,1,1,
20.75,41.5,62.25,83,0.76459,0.735444,0.875145,1,1,1,1,1,
20.75,41.5,62.25,83,0.76459,0.735444,0.875145,0.858602,1,1,1,1,
20.75,41.5,62.25,83,0.718651,0.55326,0.500387,0.429301,1,1,1,1,
20.75,41.5,62.25,83,0.718651,0.55326,0.500387,0.426089,1,1,1,1,
20.75,41.5,62.25,83,0.718651,0.488484,0.326427,0.213044,1,1,1,1,
20.75,41.5,62.25,83,0.718651,0.488484,0.326427,0.205227,1,1,1,1,
20.75,41.5,62.25,83,0.718651,0.488484,0.326427,0.200429,1,1,1,1,
21,42,63,84,0.968651,0.988485,1,1,1,1,1,1,
21,42,63,84,0.774921,0.714781,0.737446,0.719983,1,1,1,1,
21,42,63,84,0.619937,0.476521,0.421398,0.359991,1,1,1,1,
21,42,63,84,0.619937,0.476521,0.421398,0.348792,1,1,1,1,
21,42,63,84,0.619937,0.476521,0.421398,0.330684,1,1,1,1,
21,42,63,84,0.619937,0.476521,0.369168,0.262622,1,1,1,1,
21,42,63,84,0.551371,0.321523,0.210953,0.131311,1,1,1,1,
21,42,63,84,0.551371,0.321523,0.210953,0.129699,1,1,1,1,
21,42,63,84,0.441097,0.214349,0.120545,0.06525,1,1,1,1,
21,42,63,84,0.441097,0.214349,0.120545,0.0619608,1,1,1,1,
21,42,63,84,0.441097,0.214349,0.116349,0.0528623,1,1,1,1,
21,42,63,84,0.441097,0.214349,0.116349,0.0455766,1,1,1,1,
21,42,63,84,0.441097,0.214349,0.116349,0.0403093,1,1,1,1,
21,42,63,84,0.441097,0.214349,0.0979519,0.0307519,1,1,1,1,
21.25,42.5,63.75,85,0.691097,0.714349,0.847952,1,1,1,1,1,
21.25,42.5,63.75,85,0.691097,0.612844,0.590016,0.674989,1,1,1,1,
21.25,42.5,63.75,85,0.606796,0.408562,0.337152,0.337495,1,1,1,1,
21.25,42.5,63.75,85,0.606796,0.408562,0.337152,0.334687,1,1,1,1,
21.25,42.5,63.75,85,0.606796,0.408562,0.312329,0.26824,1,1,1,1,
21.25,42.5,63.75,85,0.606796,0.372699,0.21204,0.148901,1,1,1,1,
21.5,43,64.5,86,0.856796,0.872699,0.96204,1,1,1,1,1,
21.5,43,64.5,86,0.855522,0.872699,0.96204,0.921796,1,1,1,1,
21.75,43.5,65.25,87,1,1,1,1,1,1,1,1,
21.75,43.5,65.25,87,1,1,1,0.94312,1,1,1,1,
21.75,43.5,65.25,87,0.976469,0.814006,0.74957,0.676682,1,1,1,1,
21.75,43.5,65.25,87,0.861642,0.764084,0.640495,0.500464,1,1,1,1,
21.75,43.5,65.25,87,0.689314,0.509389,0.365997,0.250232,1,1,1,1,
21.75,43.5,65.25,87,0.689314,0.509389,0.365997,0.248054,1,1,1,1,
21.75,43.5,65.25,87,0.689314,0.452477,0.29557,0.181515,1,1,1,1,
22,44,66,88,0.939314,0.952477,1,1,1,1,1,1,
22,44,66,88,0.778916,0.634984,0.586024,0.541603,1,1,1,1,
22,44,66,88,0.778916,0.634984,0.528023,0.405563,1,1,1,1,
22.25,44.5,66.75,89,1,1,1,1,1,1,1,1,
22.25,44.5,66.75,89,1,1,1,0.955108,1,1,1,1,
22.25,44.5,66.75,89,1,0.815466,0.623187,0.477554,1,1,1,1,
22.25,44.5,66.75,89,0.803992,0.543644,0.356107,0.238777,1,1,1,1,
22.25,44.5,66.75,89,0.803992,0.543644,0.356107,0.238312,1,1,1,1,
22.25,44.5,66.75,89,0.803992,0.543644,0.356107,0.238241,1,1,1,1,
22.25,44.5,66.75,89,0.803992,0.543644,0.356107,0.228593,1,1,1,1,
22.25,44.5,66.75,89,0.803992,0.515343,0.236626,0.116659,1,1,1,1,
22.25,44.5,66.75,89,0.803992,0.515343,0.236626,0.116519,1,1,1,1,
22.5,45,67.5,90,1,1,0.986626,1,1,1,1,1,
22.5,45,67.5,90,1,0.925723,0.65298,0.527526,1,1,1,1,
22.5,45,67.5,90,0.90015,0.617148,0.373131,0.263763,1,1,1,1,
22.5,45,67.5,90,0.90015,0.617148,0.373131,0.259951,1,1,1,1,
22.5,45,67.5,90,0.90015,0.617148,0.373131,0.255029,1,1,1,1,
22.5,45,67.5,90,0.90015,0.617148,0.373131,0.229409,1,1,1,1,
22.5,45,67.5,90,0.90015,0.557082,0.330735,0.190345,1,1,1,1,
22.5,45,67.5,90,0.850768,0.441664,0.208633,0.10403,1,1,1,1,
22.5,45,67.5,90,0.723571,0.341629,0.151094,0.0672665,1,1,1,1,
22.5,45,67.5,90,0.657498,0.268259,0.102492,0.0408515,1,1,1,1,
22.5,45,67.5,90,0.657498,0.268259,0.100023,0.035373,1,1,1,1,
22.5,45,67.5,90,0.657498,0.268259,0.100023,0.0310643,1,1,1,1,
22.5,45,67.5,90,0.525998,0.178839,0.0579537,0.017646,1,1,1,1,
22.75,45.5,68.25,91,0.775998,0.678839,0.807954,1,1,1,1,1,
22.75,45.5,68.25,91,0.775998,0.678839,0.807954,0.992146,1,1,1,1,
23,46,69,92,1,1,1,1,1,1,1,1,
23,46,69,92,1,1,1,0.967847,1,1,1,1,
23,46,69,92,1,1,1,0.860879,1,1,1,1,
23,46,69,92,0.978031,0.839805,0.632487,0.455617,1,1,1,1,
23,46,69,92,0.978031,0.839805,0.632487,0.454835,1,1,1,1,
23,46,69,92,0.812826,0.69268,0.547147,0.372025,1,1,1,1,
23,46,69,92,0.812826,0.69268,0.547147,0.337156,1,1,1,1,
23.25,46.5,69.75,93,1,1,1,1,1,1,1,1,
23.25,46.5,69.75,93,1,0.953931,0.854553,0.77346,1,1,1,1,
23.25,46.5,69.75,93,0.997192,0.823293,0.621898,0.490017,1,1,1,1,
23.25,46.5,69.75,93,0.997192,0.823293,0.621898,0.4614,1,1,1,1,
23.25,46.5,69.75,93,0.997192,0.823293,0.621898,0.448657,1,1,1,1,
23.25,46.5,69.75,93,0.920761,0.657192,0.389281,0.224329,1,1,1,1,
23.25,46.5,69.75,93,0.920761,0.657192,0.385574,0.199555,1,1,1,1,
23.25,46.5,69.75,93,0.920761,0.657192,0.385574,0.179678,1,1,1,1,
23.25,46.5,69.75,93,0.920761,0.595619,0.297325,0.129319,1,1,1,1,
23.25,46.5,69.75,93,0.900486,0.49302,0.200868,0.0751972,1,1,1,1,
23.25,46.5,69.75,93,0.780979,0.448673,0.187204,0.0651928,1,1,1,1,
23.25,46.5,69.75,93,0.767359,0.448673,0.187204,0.0601251,1,1,1,1,
23.5,47,70.5,94,1,0.948673,0.937204,1,1,1,1,1,
23.5,47,70.5,94,0.957307,0.823758,0.75855,0.77869,1,1,1,1,
23.5,47,70.5,94,0.815033,0.602019,0.486445,0.464217,1,1,1,1,
23.5,47,70.5,94,0.815033,0.602019,0.486445,0.456078,1,1,1,1,
23.5,47,70.5,94,0.77539,0.539555,0.388229,0.318889,1,1,1,1,
23.5,47,70.5,94,0.77539,0.539555,0.388229,0.295097,1,1,1,1,
23.5,47,70.5,94,0.77539,0.539555,0.384075,0.261282,1,1,1,1,
23.5,47,70.5,94,0.77539,0.530229,0.339309,0.218269,1,1,1,1,
23.5,47,70.5,94,0.698696,0.375414,0.207726,0.118923,1,1,1,1,
23.5,47,70.5,94,0.558957,0.250276,0.118701,0.0594617,1,1,1,1,
23.5,47,70.5,94,0.558957,0.250276,0.118701,0.0526034,1,1,1,1,
23.5,47,70.5,94,0.558957,0.250276,0.107926,0.0423879,1,1,1,1,
23.5,47,70.5,94,0.558957,0.250276,0.104987,0.0374146,1,1,1,1,
23.75,47.5,71.25,95,0.808957,0.750276,0.854987,1,1,1,1,1,
23.75,47.5,71.25,95,0.808957,0.750276,0.849305,0.891095,1,1,1,1,
23.75,47.5,71.25,95,0.710795,0.531342,0.485317,0.445548,1,1,1,1,
23.75,47.5,71.25,95,0.710795,0.531342,0.485317,0.430641,1,1,1,1,
23.75,47.5,71.25,95,0.683854,0.447116,0.372698,0.315163,1,1,1,1,
24,48,72,96,0.933854,0.947116,1,1,1,1,1,1,
24,48,72,96,0.933854,0.947116,1,0.989023,1,1,1,1,
24,48,72,96,0.933854,0.801921,0.643609,0.494511,1,1,1,1,
24,48,72,96,0.933854,0.801921,0.643609,0.457353,1,1,1,1,
24,48,72,96,0.783691,0.56985,0.376323,0.228676,1,1,1,1,
24,48,72,96,0.783691,0.56985,0.376323,0.22132,1,1,1,1,
24,48,72,96,0.647988,0.419453,0.230981,0.11066,1,1,1,1,
24,48,72,96,0.647988,0.409998,0.208301,0.0904251,1,1,1,1,
24,48,72,96,0.647988,0.409998,0.208301,0.0862312,1,1,1,1,
24.25,48.5,72.75,97,0.897988,0.909998,0.958301,1,1,1,1,1,
24.25,48.5,72.75,97,0.897988,0.909998,0.958301,0.981992,1,1,1,1,
24.5,49,73.5,98,1,1,1,1,1,1,1,1,
24.5,49,73.5,98,1,1,1,0.970962,1,1,1,1,
24.5,49,73.5,98,0.936037,0.826979,0.748852,0.682651,1,1,1,1,
24.5,49,73.5,98,0.936037,0.826979,0.748852,0.61092,1,1,1,1,
24.5,49,73.5,98,0.936037,0.826979,0.672084,0.46698,1,1,1,1,
24.5,49,73.5,98,0.801271,0.574653,0.384048,0.23349,1,1,1,1,
24.5,49,73.5,98,0.801271,0.574653,0.355683,0.188227,1,1,1,1,
24.5,49,73.5,98,0.801271,0.574653,0.355683,0.176424,1,1,1,1,
24.75,49.5,74.25,99,1,1,1,1,1,1,1,1,
24.75,49.5,74.25,99,0.939606,0.872135,0.847765,0.819886,1,1,1,1,
24.75,49.5,74.25,99,0.939606,0.872135,0.847765,0.776346,1,1,1,1,
24.75,49.5,74.25,99,0.86571,0.680221,0.558941,0.479659,1,1,1,1,
24.75,49.5,74.25,99,0.86571,0.680221,0.558941,0.429131,1,1,1,1,
24.75,49.5,74.25,99,0.86571,0.680221,0.558941,0.428527,1,1,1,1,
24.75,49.5,74.25,99,0.86571,0.632969,0.369405,0.214264,1,1,1,1,
24.75,49.5,74.25,99,0.859055,0.591365,0.324356,0.16792,1,1,1,1,
24.75,49.5,74.25,99,0.802261,0.41231,0.19923,0.0941408,1,1,1,1,
24.75,49.5,74.25,99,0.641809,0.274873,0.113846,0.0470704,1,1,1,1,
25,50,75,100,0.891809,0.774873,0.863846,1,1,1,1,1,
25,50,75,100,0.891809,0.774873,0.784608,0.788821,1,1,1,1,
25.25,50.5,75.75,101,1,1,1,1,1,1,1,1,
25.25,50.5,75.75,101,1,1,1,0.976392,1,1,1,1,
25.25,50.5,75.75,101,1,1,1,0.934253,1,1,1,1,
25.25,50.5,75.75,101,1,1,1,0.899522,1,1,1,1,
25.25,50.5,75.75,101,1,1,1,0.889336,1,1,1,1,
25.5,51,76.5,102,1,1,1,1,1,1,1,1,
25.5,51,76.5,102,1,1,0.825885,0.6539,1,1,1,1,
25.5,51,76.5,102,1,0.975913,0.71186,0.491853,1,1,1,1,
25.5,51,76.5,102,1,0.975913,0.701292,0.435489,1,1,1,1,
25.5,51,76.5,102,0.855974,0.650609,0.404167,0.230979,1,1,1,1,
25.5,51,76.5,102,0.855974,0.650609,0.404167,0.207836,1,1,1,1,
25.5,51,76.5,102,0.855974,0.650609,0.404167,0.187449,1,1,1,1,
25.5,51,76.5,102,0.855974,0.650609,0.404167,0.180733,1,1,1,1,
25.5,51,76.5,102,0.855974,0.650609,0.404167,0.180474,1,1,1,1,
25.5,51,76.5,102,0.855974,0.603434,0.267094,0.0902372,1,1,1,1,
25.5,51,76.5,102,0.78022,0.402289,0.152625,0.0451186,1,1,1,1,
25.5,51,76.5,102,0.750795,0.39123,0.137606,0.0363655,1,1,1,1,
25.5,51,76.5,102,0.750795,0.389187,0.130818,0.030274,1,1,1,1,
25.5,51,76.5,102,0.750795,0.389187,0.130818,0.0283062,1,1,1,1,
25.5,51,76.5,102,0.750795,0.389187,0.124026,0.0249132,1,1,1,1,
25.5,51,76.5,102,0.750795,0.389187,0.124026,0.0239988,1,1,1,1,
25.5,51,76.5,102,0.666116,0.35439,0.117352,0.02174,1,1,1,1,
25.5,51,76.5,102,0.58789,0.251235,0.0712493,0.0126535,1,1,1,1,
25.5,51,76.5,102,0.57841,0.220189,0.0537946,0.00839144,1,1,1,1,
25.5,51,76.5,102,0.517208,0.196366,0.0445171,0.00605447,1,1,1,1,
25.5,51,76.5,102,0.517208,0.19599,0.0414687,0.00519034,1,1,1,1,
25.5,51,76.5,102,0.457799,0.153104,0.0311321,0.00368059,1,1,1,1,
25.5,51,76.5,102,0.457799,0.153104,0.0311321,0.00325708,1,1,1,1,
25.5,51,76.5,102,0.421269,0.113211,0.0180698,0.00162854,1,1,1,1,
25.5,51,76.5,102,0.415156,0.105055,0.0152392,0.0012396,1,1,1,1,
25.75,51.5,77.25,103,0.665156,0.605055,0.765239,1,1,1,1,1,
25.75,51.5,77.25,103,0.665156,0.605055,0.765239,0.950942,1,1,1,1,
25.75,51.5,77.25,103,0.665156,0.605055,0.765239,0.926759,1,1,1,1,
25.75,51.5,77.25,103,0.644468,0.479767,0.47832,0.46338,1,1,1,1,
26,52,78,104,0.894468,0.979767,1,1,1,1,1,1,
26,52,78,104,0.733834,0.757787,0.794361,0.759729,1,1,1,1,
26,52,78,104,0.685561,0.595073,0.568739,0.500098,1,1,1,1,
26,52,78,104,0.685561,0.595073,0.568739,0.488681,1,1,1,1,
26,52,78,104,0.685561,0.595073,0.568739,0.42029,1,1,1,1,
26,52,78,104,0.685561,0.595073,0.568739,0.402281,1,1,1,1,
26,52,78,104,0.685561,0.595073,0.568739,0.366764,1,1,1,1,
26,52,78,104,0.647417,0.439257,0.325166,0.195853,1,1,1,1,
26,52,78,104,0.647417,0.422896,0.265296,0.139817,1,1,1,1,
26,52,78,104,0.647417,0.422896,0.265296,0.138563,1,1,1,1,
26.25,52.5,78.75,105,0.897417,0.922896,1,1,1,1,1,1,
26.25,52.5,78.75,105,0.751378,0.762307,0.826832,0.804278,1,1,1,1,
26.25,52.5,78.75,105,0.601103,0.508204,0.472475,0.402139,1,1,1,1,
26.25,52.5,78.75,105,0.601103,0.508204,0.472475,0.354796,1,1,1,1,
26.25,52.5,78.75,105,0.601103,0.508204,0.472475,0.335715,1,1,1,1,
26.25,52.5,78.75,105,0.601103,0.508204,0.472475,0.304763,1,1,1,1,
26.25,52.5,78.75,105,0.601103,0.493329,0.41824,0.256238,1,1,1,1,
26.25,52.5,78.75,105,0.513845,0.328886,0.238994,0.128119,1,1,1,1,
26.25,52.5,78.75,105,0.465086,0.286698,0.190307,0.0971634,1,1,1,1,
26.25,52.5,78.75,105,0.465086,0.286698,0.190307,0.0895868,1,1,1,1,
26.25,52.5,78.75,105,0.465086,0.286698,0.190307,0.0830519,1,1,1,1,
26.25,52.5,78.75,105,0.465086,0.286698,0.167082,0.0672984,1,1,1,1,
26.25,52.5,78.75,105,0.465086,0.286698,0.154181,0.0551255,1,1,1,1,
26.25,52.5,78.75,105,0.465086,0.236509,0.104279,0.0331333,1,1,1,1,
26.25,52.5,78.75,105,0.402634,0.194,0.0879012,0.0263253,1,1,1,1,
26.25,52.5,78.75,105,0.402634,0.194,0.0879012,0.0244111,1,1,1,1,
26.25,52.5,78.75,105,0.384346,0.14694,0.0551818,0.0140556,1,1,1,1,
26.25,52.5,78.75,105,0.384346,0.14694,0.0540033,0.0121494,1,1,1,1,
26.25,52.5,78.75,105,0.340021,0.103809,0.030859,0.00607471,1,1,1,1,
26.5,53,79.5,106,0.590021,0.603809,0.780859,1,1,1,1,1,
26.75,53.5,80.25,107,0.840021,1,1,1,1,1,1,1,
26.75,53.5,80.25,107,0.840021,1,1,0.948077,1,1,1,1,
27,54,81,108,1,1,1,1,1,1,1,1,
27,54,81,108,1,1,1,0.978634,1,1,1,1,
27,54,81,108,1,1,1,0.924196,1,1,1,1,
27,54,81,108,0.884887,0.792902,0.617148,0.462098,1,1,1,1,
27,54,81,108,0.884887,0.792902,0.581886,0.373501,1,1,1,1,
27,54,81,108,0.884887,0.792902,0.581886,0.371403,1,1,1,1,
27.25,54.5,81.75,109,1,1,1,1,1,1,1,1,
27.25,54.5,81.75,109,1,0.979582,0.746517,0.578309,1,1,1,1,
27.25,54.5,81.75,109,1,0.979582,0.746517,0.557202,1,1,1,1,
27.25,54.5,81.75,109,1,0.979582,0.746517,0.548549,1,1,1,1,
27.25,54.5,81.75,109,0.882749,0.779715,0.47607,0.274274,1,1,1,1,
27.5,55,82.5,110,1,1,1,1,1,1,1,1,
27.5,55,82.5,110,1,1,1,0.943785,1,1,1,1,
27.5,55,82.5,110,1,1,1,0.940896,1,1,1,1,
27.5,55,82.5,110,0.997734,0.964625,0.830963,0.690082,1,1,1,1,
27.5,55,82.5,110,0.798187,0.643083,0.474836,0.345041,1,1,1,1,
27.5,55,82.5,110,0.798187,0.643083,0.42522,0.25246,1,1,1,1,
27.5,55,82.5,110,0.798187,0.641466,0.387686,0.210713,1,1,1,1,
27.5,55,82.5,110,0.798187,0.641466,0.387686,0.19539,1,1,1,1,
27.5,55,82.5,110,0.798187,0.641466,0.387686,0.189608,1,1,1,1,
27.5,55,82.5,110,0.742291,0.459194,0.233303,0.108283,1,1,1,1,
27.5,55,82.5,110,0.742291,0.459194,0.233303,0.106824,1,1,1,1,
27.5,55,82.5,110,0.742291,0.459194,0.233303,0.0959622,1,1,1,1,
27.5,55,82.5,110,0.688681,0.339495,0.136643,0.0479811,1,1,1,1,
27.75,55.5,83.25,111,0.938681,0.839495,0.886643,1,1,1,1,1,
27.75,55.5,83.25,111,0.938681,0.815318,0.722712,0.699988,1,1,1,1,
27.75,55.5,83.25,111,0.938681,0.815318,0.722712,0.598779,1,1,1,1,
28,56,84,112,1,1,1,1,1,1,1,1,
28,56,84,112,1,1,1,0.952656,1,1,1,1,
28,56,84,112,0.949415,0.793479,0.699781,0.631019,1,1,1,1,
28,56,84,112,0.80699,0.657921,0.504786,0.379588,1,1,1,1,
28,56,84,112,0.733636,0.49499,0.343077,0.237013,1,1,1,1,
28,56,84,112,0.733636,0.49499,0.343077,0.218505,1,1,1,1,
28,56,84,112,0.656683,0.3625,0.203018,0.109253,1,1,1,1,
28,56,84,112,0.656683,0.3625,0.203018,0.108215,1,1,1,1,
28,56,84,112,0.656683,0.3625,0.203018,0.10727,1,1,1,1,
28,56,84,112,0.617332,0.344917,0.176202,0.0836353,1,1,1,1,
28,56,84,112,0.617332,0.344917,0.176202,0.0825421,1,1,1,1,
28,56,84,112,0.617332,0.344917,0.176202,0.0784899,1,1,1,1,
28.25,56.5,84.75,113,0.867332,0.844917,0.926202,1,1,1,1,1,
28.25,56.5,84.75,113,0.867332,0.770263,0.646046,0.597898,1,1,1,1,
28.5,57,85.5,114,1,1,1,1,1,1,1,1,
28.5,57,85.5,114,1,1,0.915408,0.797537,1,1,1,1,
28.5,57,85.5,114,0.996904,0.999909,0.915408,0.73059,1,1,1,1,
28.5,57,85.5,114,0.996904,0.972197,0.797643,0.582852,1,1,1,1,
28.5,57,85.5,114,0.915638,0.835304,0.727847,0.508917,1,1,1,1,
28.5,57,85.5,114,0.84718,0.614559,0.437803,0.27169,1,1,1,1,
28.5,57,85.5,114,0.84718,0.614559,0.437803,0.249341,1,1,1,1,
28.5,57,85.5,114,0.803099,0.471441,0.261133,0.12467,1,1,1,1,
28.5,57,85.5,114,0.803099,0.471441,0.252238,0.107817,1,1,1,1,
28.5,57,85.5,114,0.803099,0.471441,0.252238,0.101002,1,1,1,1,
28.75,57.5,86.25,115,1,0.971441,1,1,1,1,1,1,
28.75,57.5,86.25,115,0.884631,0.67354,0.572159,0.540291,1,1,1,1,
28.75,57.5,86.25,115,0.884631,0.67354,0.572159,0.492341,1,1,1,1,
28.75,57.5,86.25,115,0.845471,0.652733,0.530312,0.422162,1,1,1,1,
28.75,57.5,86.25,115,0.803038,0.556976,0.420514,0.322104,1,1,1,1,
28.75,57.5,86.25,115,0.803038,0.556976,0.368713,0.249199,1,1,1,1,
29,58,87,116,1,1,1,1,1,1,1,1,
29,58,87,116,1,1,1,0.994077,1,1,1,1,
29,58,87,116,0.890243,0.691759,0.608315,0.553565,1,1,1,1,
29,58,87,116,0.812707,0.599201,0.495863,0.412236,1,1,1,1,
29,58,87,116,0.812707,0.599201,0.468601,0.345026,1,1,1,1,
29,58,87,116,0.659109,0.403846,0.267772,0.172513,1,1,1,1,
29,58,87,116,0.659109,0.403846,0.267772,0.161242,1,1,1,1,
29,58,87,116,0.659109,0.403846,0.267772,0.160594,1,1,1,1,
29,58,87,116,0.659109,0.403846,0.267772,0.151604,1,1,1,1,
29,58,87,116,0.659109,0.36604,0.175715,0.0779848,1,1,1,1,
29,58,87,116,0.659109,0.355674,0.169143,0.0683551,1,1,1,1,
29,58,87,116,0.621212,0.325238,0.15502,0.0586328,1,1,1,1,
29,58,87,116,0.621212,0.325238,0.15502,0.0553672,1,1,1,1,
29,58,87,116,0.608353,0.281073,0.121728,0.0405558,1,1,1,1,
29,58,87,116,0.608353,0.269228,0.105173,0.0324052,1,1,1,1,
29,58,87,116,0.608353,0.245216,0.0783659,0.0204413,1,1,1,1,
29.25,58.5,87.75,117,0.858353,0.745216,0.828366,1,1,1,1,1,
29.25,58.5,87.75,117,0.804917,0.636982,0.692624,0.795628,1,1,1,1,
29.25,58.5,87.75,117,0.643933,0.424655,0.395785,0.397814,1,1,1,1,
29.25,58.5,87.75,117,0.515147,0.283103,0.226163,0.198907,1,1,1,1,
29.25,58.5,87.75,117,0.515147,0.283103,0.226163,0.181113,1,1,1,1,
29.5,59,88.5,118,0.765147,0.783103,0.976163,1,1,1,1,1,
29.5,59,88.5,118,0.765147,0.783103,0.976163,0.913417,1,1,1,1,
29.5,59,88.5,118,0.765147,0.783103,0.976163,0.898799,1,1,1,1,
29.5,59,88.5,118,0.725986,0.636321,0.617863,0.449399,1,1,1,1,
29.75,59.5,89.25,119,0.975986,1,1,1,1,1,1,1,
29.75,59.5,89.25,119,0.780789,0.72462,0.675189,0.591737,1,1,1,1,
29.75,59.5,89.25,119,0.780789,0.72462,0.675189,0.586898,1,1,1,1,
29.75,59.5,89.25,119,0.773782,0.711693,0.635514,0.514693,1,1,1,1,
29.75,59.5,89.25,119,0.773782,0.632969,0.425626,0.274215,1,1,1,1,
30,60,90,120,1,1,1,1,1,1,1,1,
30,60,90,120,1,1,1,0.931923,1,1,1,1,
30,60,90,120,1,1,1,0.928896,1,1,1,1,
30,60,90,120,1,0.897322,0.656546,0.464448,1,1,1,1,
30,60,90,120,1,0.897322,0.656546,0.462295,1,1,1,1,
30,60,90,120,1,0.897322,0.656546,0.450529,1,1,1,1,
30,60,90,120,0.877737,0.694516,0.501768,0.332844,1,1,1,1,
30,60,90,120,0.863023,0.641885,0.415897,0.245251,1,1,1,1,
30,60,90,120,0.863023,0.641885,0.33429,0.160242,1,1,1,1,
30,60,90,120,0.818647,0.528155,0.265486,0.119137,1,1,1,1,
30,60,90,120,0.787422,0.41074,0.171927,0.0683329,1,1,1,1,
30,60,90,120,0.787422,0.41074,0.171927,0.0593336,1,1,1,1,
30.25,60.5,90.75,121,1,0.91074,0.921927,1,1,1,1,1,
30.25,60.5,90.75,121,0.865897,0.667062,0.535051,0.514406,1,1,1,1,
30.25,60.5,90.75,121,0.822449,0.62365,0.475247,0.414229,1,1,1,1,
30.25,60.5,90.75,121,0.685475,0.434623,0.290098,0.229457,1,1,1,1,
30.25,60.5,90.75,121,0.685475,0.434623,0.290098,0.22839,1,1,1,1,
30.25,60.5,90.75,121,0.632675,0.363123,0.213242,0.147219,1,1,1,1,
30.25,60.5,90.75,121,0.632675,0.363123,0.213242,0.146713,1,1,1,1,
30.25,60.5,90.75,121,0.632675,0.347816,0.161227,0.0893296,1,1,1,1,
30.25,60.5,90.75,121,0.50614,0.238582,0.107051,0.0555954,1,1,1,1,
30.25,60.5,90.75,121,0.50614,0.238582,0.0940789,0.0403175,1,1,1,1,
30.25,60.5,90.75,121,0.50614,0.238582,0.0940789,0.0400458,1,1,1,1,
30.25,60.5,90.75,121,0.50614,0.238582,0.0940789,0.0387731,1,1,1,1,
30.25,60.5,90.75,121,0.50614,0.206578,0.0612906,0.0196996,1,1,1,1,
30.25,60.5,90.75,121,0.50614,0.178122,0.0469627,0.0130627,1,1,1,1,
30.25,60.5,90.75,121,0.50614,0.178122,0.0469627,0.0130239,1,1,1,1,
30.5,61,91.5,122,0.75614,0.678122,0.796963,1,1,1,1,1,
30.5,61,91.5,122,0.75614,0.602695,0.523953,0.503235,1,1,1,1,
30.5,61,91.5,122,0.610834,0.433977,0.372274,0.336547,1,1,1,1,
30.5,61,91.5,122,0.610834,0.433977,0.372274,0.30393,1,1,1,1,
30.5,61,91.5,122,0.606293,0.412598,0.336012,0.253623,1,1,1,1,
30.5,61,91.5,122,0.606293,0.412598,0.336012,0.244691,1,1,1,1,
30.5,61,91.5,122,0.606293,0.412598,0.336012,0.241382,1,1,1,1,
30.75,61.5,92.25,123,0.856293,0.912598,1,1,1,1,1,1,
30.75,61.5,92.25,123,0.849631,0.770392,0.745984,0.721296,1,1,1,1,
30.75,61.5,92.25,123,0.772465,0.650051,0.552771,0.458494,1,1,1,1,
30.75,61.5,92.25,123,0.666391,0.483744,0.370739,0.280313,1,1,1,1,
30.75,61.5,92.25,123,0.598906,0.38881,0.260957,0.173959,1,1,1,1,
30.75,61.5,92.25,123,0.598906,0.38881,0.260957,0.153488,1,1,1,1,
30.75,61.5,92.25,123,0.598906,0.38881,0.260957,0.136599,1,1,1,1,
30.75,61.5,92.25,123,0.598906,0.38881,0.260957,0.126606,1,1,1,1,
30.75,61.5,92.25,123,0.501505,0.276722,0.151995,0.0633032,1,1,1,1,
30.75,61.5,92.25,123,0.501505,0.276722,0.151995,0.0608393,1,1,1,1,
31,62,93,124,0.751505,0.776722,0.901995,1,1,1,1,1,
31,62,93,124,0.751505,0.776722,0.901995,0.997428,1,1,1,1,
31,62,93,124,0.749579,0.724525,0.777597,0.828382,1,1,1,1,
31,62,93,124,0.718694,0.649921,0.623451,0.632584,1,1,1,1,
31.25,62.5,93.75,125,0.968694,1,1,1,1,1,1,1,
31.25,62.5,93.75,125,0.968694,1,0.876834,0.720215,1,1,1,1,
31.5,63,94.5,126,1,1,1,1,1,1,1,1,
31.5,63,94.5,126,0.964561,0.980341,0.939288,0.836235,1,1,1,1,
31.5,63,94.5,126,0.964561,0.980341,0.939288,0.791173,1,1,1,1,
31.5,63,94.5,126,0.926152,0.917619,0.839697,0.657723,1,1,1,1,
31.5,63,94.5,126,0.926152,0.842039,0.663187,0.475801,1,1,1,1,
31.5,63,94.5,126,0.926152,0.842039,0.663187,0.443529,1,1,1,1,
31.5,63,94.5,126,0.926152,0.842039,0.663187,0.416387,1,1,1,1,
31.5,63,94.5,126,0.925589,0.721148,0.481016,0.27281,1,1,1,1,
31.5,63,94.5,126,0.866274,0.602186,0.341621,0.168913,1,1,1,1,
31.5,63,94.5,126,0.866274,0.602186,0.341621,0.167401,1,1,1,1,
31.5,63,94.5,126,0.75281,0.495564,0.27003,0.123833,1,1,1,1,
31.5,63,94.5,126,0.708303,0.476479,0.251993,0.104212,1,1,1,1,
31.5,63,94.5,126,0.697667,0.410502,0.197816,0.0754071,1,1,1,1,
31.75,63.5,95.25,127,0.947667,0.910502,0.947816,1,1,1,1,1,
31.75,63.5,95.25,127,0.897952,0.77051,0.713152,0.706653,1,1,1,1,
31.75,63.5,95.25,127,0.897952,0.77051,0.648155,0.545258,1,1,1,1,
31.75,63.5,95.25,127,0.897952,0.77051,0.648155,0.521419,1,1,1,1,
31.75,63.5,95.25,127,0.718361,0.513674,0.390723,0.300033,1,1,1,1,
32,64,96,128,0.968361,1,1,1,1,1,1,1,
32,64,96,128,0.968361,1,0.985478,0.884421,1,1,1,1,
32,64,96,128,0.968361,0.911233,0.775489,0.643522,1,1,1,1,
32.25,64.5,96.75,129,1,1,1,1,1,1,1,1,
32.25,64.5,96.75,129,1,1,1,0.985011,1,1,1,1,
32.25,64.5,96.75,129,1,0.862693,0.644764,0.492505,1,1,1,1,
32.25,64.5,96.75,129,1,0.862693,0.644764,0.453774,1,1,1,1,
32.25,64.5,96.75,129,1,0.862693,0.644764,0.44159,1,1,1,1,
32.25,64.5,96.75,129,0.933903,0.821983,0.621559,0.389753,1,1,1,1,
32.25,64.5,96.75,129,0.933903,0.81379,0.580555,0.332397,1,1,1,1,
32.25,64.5,96.75,129,0.933903,0.81379,0.580555,0.323365,1,1,1,1,
32.25,64.5,96.75,129,0.884546,0.665072,0.38472,0.186671,1,1,1,1,
32.25,64.5,96.75,129,0.85288,0.579517,0.291967,0.11835,1,1,1,1,
32.25,64.5,96.75,129,0.85288,0.553962,0.251751,0.0938681,1,1,1,1,
32.25,64.5,96.75,129,0.799412,0.485025,0.220746,0.0788415,1,1,1,1,
32.25,64.5,96.75,129,0.799412,0.485025,0.220746,0.0752325,1,1,1,1,
32.25,64.5,96.75,129,0.734098,0.442538,0.19531,0.0613475,1,1,1,1,
32.5,65,97.5,130,0.984098,0.942538,0.94531,1,1,1,1,1,
32.5,65,97.5,130,0.787278,0.628359,0.540177,0.51488,1,1,1,1,
32.5,65,97.5,130,0.787278,0.620179,0.449268,0.368935,1,1,1,1,
32.5,65,97.5,130,0.689599,0.413453,0.256725,0.184468,1,1,1,1,
32.5,65,97.5,130,0.689599,0.413453,0.256725,0.165651,1,1,1,1,
32.5,65,97.5,130,0.689599,0.413453,0.256725,0.161679,1,1,1,1,
32.5,65,97.5,130,0.629582,0.306164,0.150071,0.0818205,1,1,1,1,
32.5,65,97.5,130,0.629582,0.306164,0.150071,0.0797988,1,1,1,1,
32.5,65,97.5,130,0.629582,0.306164,0.150071,0.0753883,1,1,1,1,
32.5,65,97.5,130,0.503665,0.20411,0.0857547,0.0392364,1,1,1,1,
32.5,65,97.5,130,0.503665,0.20411,0.0857547,0.0364581,1,1,1,1,
32.5,65,97.5,130,0.503665,0.20411,0.0833354,0.0297497,1,1,1,1,
32.75,65.5,98.25,131,0.753665,0.70411,0.833335,1,1,1,1,1,
32.75,65.5,98.25,131,0.753665,0.70411,0.833335,0.986086,1,1,1,1,
32.75,65.5,98.25,131,0.753665,0.682994,0.669626,0.715651,1,1,1,1,
32.75,65.5,98.25,131,0.644165,0.455329,0.382643,0.357826,1,1,1,1,
32.75,65.5,98.25,131,0.644165,0.455329,0.341202,0.262552,1,1,1,1,
32.75,65.5,98.25,131,0.644165,0.455329,0.341202,0.239762,1,1,1,1,
32.75,65.5,98.25,131,0.644165,0.455329,0.341202,0.231085,1,1,1,1,
33,66,99,132,0.894165,0.955329,1,1,1,1,1,1,
33,66,99,132,0.864777,0.729961,0.620971,0.560886,1,1,1,1,
33,66,99,132,0.813844,0.602866,0.470764,0.400347,1,1,1,1,
33,66,99,132,0.813844,0.602866,0.470764,0.373118,1,1,1,1,
33,66,99,132,0.778258,0.592795,0.416273,0.286335,1,1,1,1,
33,66,99,132,0.778258,0.592795,0.416273,0.275435,1,1,1,1,
33,66,99,132,0.676774,0.451794,0.293076,0.184723,1,1,1,1,
33,66,99,132,0.607347,0.380652,0.211622,0.110569,1,1,1,1,
33,66,99,132,0.607347,0.366654,0.181408,0.0852933,1,1,1,1,
33,66,99,132,0.607347,0.366654,0.181408,0.0842248,1,1,1,1,
33,66,99,132,0.607347,0.366654,0.181408,0.0806609,1,1,1,1,
33,66,99,132,0.515035,0.264962,0.110062,0.0403305,1,1,1,1,
33.25,66.5,99.75,133,0.765035,0.764962,0.860062,1,1,1,1,1,
33.25,66.5,99.75,133,0.741859,0.62566,0.633933,0.687515,1,1,1,1,
33.25,66.5,99.75,133,0.741859,0.62566,0.633933,0.628969,1,1,1,1,
33.25,66.5,99.75,133,0.741859,0.62566,0.617386,0.555627,1,1,1,1,
33.25,66.5,99.75,133,0.741859,0.62566,0.559825,0.442468,1,1,1,1,
33.25,66.5,99.75,133,0.599259,0.422838,0.337902,0.246316,1,1,1,1,
33.5,67,100.5,134,0.849259,0.922838,1,1,1,1,1,1,
33.5,67,100.5,134,0.802869,0.784841,0.80648,0.776721,1,1,1,1,
33.5,67,100.5,134,0.802869,0.784841,0.774531,0.676848,1,1,1,1,
33.5,67,100.5,134,0.802869,0.784841,0.698676,0.558142,1,1,1,1,
33.75,67.5,101.25,135,1,1,1,1,1,1,1,1,
33.75,67.5,101.25,135,1,1,1,0.993191,1,1,1,1,
33.75,67.5,101.25,135,1,1,0.982724,0.857004,1,1,1,1,
33.75,67.5,101.25,135,1,1,0.982724,0.839153,1,1,1,1,
33.75,67.5,101.25,135,1,0.86147,0.64354,0.454849,1,1,1,1,
33.75,67.5,101.25,135,0.836749,0.574313,0.367737,0.227424,1,1,1,1,
33.75,67.5,101.25,135,0.800922,0.574313,0.367737,0.205836,1,1,1,1,
33.75,67.5,101.25,135,0.800922,0.574313,0.366329,0.181817,1,1,1,1,
33.75,67.5,101.25,135,0.800922,0.561606,0.326273,0.149995,1,1,1,1,
33.75,67.5,101.25,135,0.800922,0.561606,0.326273,0.143796,1,1,1,1,
33.75,67.5,101.25,135,0.640737,0.393823,0.202585,0.0846557,1,1,1,1,
33.75,67.5,101.25,135,0.630301,0.342868,0.155474,0.0577614,1,1,1,1,
34,68,102,136,0.880301,0.842868,0.905474,1,1,1,1,1,
34,68,102,136,0.877429,0.768336,0.772071,0.806379,1,1,1,1,
34,68,102,136,0.877429,0.768336,0.772071,0.766174,1,1,1,1,
34.25,68.5,102.75,137,1,1,1,1,1,1,1,1,
34.25,68.5,102.75,137,1,1,1,0.987618,1,1,1,1,
34.25,68.5,102.75,137,0.881772,0.820536,0.76324,0.702912,1,1,1,1,
34.5,69,103.5,138,1,1,1,1,1,1,1,1,
34.5,69,103.5,138,1,1,0.865325,0.705246,1,1,1,1,
34.5,69,103.5,138,1,1,0.865325,0.605453,1,1,1,1,
34.5,69,103.5,138,1,1,0.834655,0.5337,1,1,1,1,
34.5,69,103.5,138,1,1,0.834655,0.51501,1,1,1,1,
34.5,69,103.5,138,1,1,0.834655,0.498281,1,1,1,1,
34.5,69,103.5,138,1,1,0.834655,0.471164,1,1,1,1,
34.5,69,103.5,138,0.961317,0.735019,0.487487,0.264967,1,1,1,1,
34.5,69,103.5,138,0.832565,0.598745,0.365416,0.177061,1,1,1,1,
34.5,69,103.5,138,0.832565,0.598745,0.325576,0.131761,1,1,1,1,
34.5,69,103.5,138,0.832565,0.567738,0.28908,0.11102,1,1,1,1,
34.5,69,103.5,138,0.832565,0.567738,0.27566,0.0907909,1,1,1,1,
34.5,69,103.5,138,0.666052,0.392026,0.183239,0.0600165,1,1,1,1,
34.5,69,103.5,138,0.666052,0.379372,0.162751,0.0489329,1,1,1,1,
34.5,69,103.5,138,0.666052,0.336553,0.121419,0.031796,1,1,1,1,
34.5,69,103.5,138,0.548777,0.224369,0.0693826,0.015898,1,1,1,1,
34.5,69,103.5,138,0.548777,0.224369,0.0693826,0.0139066,1,1,1,1,
34.5,69,103.5,138,0.548777,0.224369,0.0693826,0.012579,1,1,1,1,
34.5,69,103.5,138,0.548777,0.224369,0.0693826,0.0122519,1,1,1,1,
34.5,69,103.5,138,0.534432,0.205575,0.0589832,0.0097985,1,1,1,1,
34.5,69,103.5,138,0.534432,0.180197,0.0405835,0.00544435,1,1,1,1,
34.75,69.5,104.25,139,0.784432,0.680197,0.790584,1,1,1,1,1,
34.75,69.5,104.25,139,0.784432,0.680197,0.790584,0.99683,1,1,1,1,
34.75,69.5,104.25,139,0.63302,0.453465,0.451762,0.500559,1,1,1,1,
34.75,69.5,104.25,139,0.63302,0.453465,0.421455,0.411822,1,1,1,1,
34.75,69.5,104.25,139,0.63302,0.453465,0.398085,0.354911,1,1,1,1,
34.75,69.5,104.25,139,0.63302,0.453465,0.348844,0.261726,1,1,1,1,
34.75,69.5,104.25,139,0.63302,0.453465,0.348844,0.255688,1,1,1,1,
34.75,69.5,104.25,139,0.551646,0.3471,0.218338,0.127844,1,1,1,1,
34.75,69.5,104.25,139,0.551646,0.287454,0.158689,0.0858899,1,1,1,1,
35,70,105,140,0.801646,0.787454,0.908689,1,1,1,1,1,
35,70,105,140,0.801646,0.787454,0.908689,0.95812,1,1,1,1,
35,70,105,140,0.768352,0.711711,0.806629,0.809209,1,1,1,1,
35,70,105,140,0.739912,0.670745,0.730737,0.685571,1,1,1,1,
35.25,70.5,105.75,141,0.989912,1,1,1,1,1,1,1,
35.25,70.5,105.75,141,0.989912,1,1,0.989161,1,1,1,1,
35.25,70.5,105.75,141,0.874388,0.801964,0.639483,0.494581,1,1,1,1,
35.25,70.5,105.75,141,0.820809,0.801964,0.637943,0.43984,1,1,1,1,
35.25,70.5,105.75,141,0.782854,0.700054,0.559455,0.360207,1,1,1,1,
35.25,70.5,105.75,141,0.782854,0.700054,0.548574,0.312433,1,1,1,1,
35.25,70.5,105.75,141,0.782854,0.693581,0.523487,0.279701,1,1,1,1,
35.25,70.5,105.75,141,0.654669,0.48346,0.307162,0.147581,1,1,1,1,
35.25,70.5,105.75,141,0.654669,0.438376,0.249659,0.113664,1,1,1,1,
35.25,70.5,105.75,141,0.654669,0.438376,0.249659,0.106484,1,1,1,1,
35.25,70.5,105.75,141,0.523735,0.311624,0.159752,0.0618542,1,1,1,1,
35.25,70.5,105.75,141,0.523735,0.311624,0.154268,0.0527893,1,1,1,1,
35.25,70.5,105.75,141,0.523735,0.311624,0.147668,0.044408,1,1,1,1,
35.25,70.5,105.75,141,0.523735,0.311624,0.147668,0.0403355,1,1,1,1,
35.5,71,106.5,142,0.773735,0.811624,0.897668,1,1,1,1,1,
35.5,71,106.5,142,0.773735,0.811624,0.897668,0.997514,1,1,1,1,
35.5,71,106.5,142,0.679865,0.58726,0.518441,0.509238,1,1,1,1,
35.5,71,106.5,142,0.679865,0.58726,0.487349,0.429585,1,1,1,1,
35.5,71,106.5,142,0.679865,0.58726,0.415659,0.300271,1,1,1,1,
35.75,71.5,107.25,143,0.929865,1,1,1,1,1,1,1,
35.75,71.5,107.25,143,0.929865,1,1,0.92698,1,1,1,1,
35.75,71.5,107.25,143,0.815227,0.728043,0.674906,0.618683,1,1,1,1,
35.75,71.5,107.25,143,0.815227,0.728043,0.662909,0.550068,1,1,1,1,
35.75,71.5,107.25,143,0.815227,0.634906,0.502699,0.386544,1,1,1,1,
35.75,71.5,107.25,143,0.815227,0.634906,0.502699,0.362761,1,1,1,1,
36,72,108,144,1,1,1,1,1,1,1,1,
36,72,108,144,0.96753,0.957515,0.873167,0.776902,1,1,1,1,
36,72,108,144,0.835312,0.774837,0.687979,0.582267,1,1,1,1,
36,72,108,144,0.814142,0.655125,0.529541,0.415614,1,1,1,1,
36,72,108,144,0.814142,0.655125,0.529541,0.395758,1,1,1,1,
36,72,108,144,0.814142,0.655125,0.49464,0.332146,1,1,1,1,
36.25,72.5,108.75,145,1,1,1,1,1,1,1,1,
36.25,72.5,108.75,145,0.86283,0.740085,0.643731,0.57121,1,1,1,1,
36.25,72.5,108.75,145,0.86283,0.740085,0.643731,0.517162,1,1,1,1,
36.25,72.5,108.75,145,0.86283,0.714148,0.544175,0.390071,1,1,1,1,
36.25,72.5,108.75,145,0.86283,0.714148,0.544175,0.346672,1,1,1,1,
36.25,72.5,108.75,145,0.729803,0.501862,0.31137,0.173336,1,1,1,1,
36.25,72.5,108.75,145,0.729803,0.501862,0.31137,0.157009,1,1,1,1,
36.5,73,109.5,146,0.979803,1,1,1,1,1,1,1,
36.5,73,109.5,146,0.979803,1,1,0.945082,1,1,1,1,
36.5,73,109.5,146,0.838562,0.731712,0.598994,0.472541,1,1,1,1,
36.5,73,109.5,146,0.838562,0.731712,0.598994,0.47225,1,1,1,1,
36.5,73,109.5,146,0.838562,0.731712,0.594711,0.420182,1,1,1,1,
36.5,73,109.5,146,0.754974,0.518076,0.339835,0.210091,1,1,1,1,
36.5,73,109.5,146,0.754974,0.518076,0.287668,0.145405,1,1,1,1,
36.5,73,109.5,146,0.754974,0.518076,0.287668,0.138403,1,1,1,1,
36.5,73,109.5,146,0.754974,0.518076,0.287668,0.133997,1,1,1,1,
36.75,73.5,110.25,147,1,1,1,1,1,1,1,1,
36.75,73.5,110.25,147,1,1,0.993115,0.907335,1,1,1,1,
36.75,73.5,110.25,147,0.96869,0.718041,0.581768,0.522252,1,1,1,1,
36.75,73.5,110.25,147,0.96869,0.718041,0.581768,0.498183,1,1,1,1,
36.75,73.5,110.25,147,0.779494,0.526147,0.352169,0.249092,1,1,1,1,
36.75,73.5,110.25,147,0.776258,0.519494,0.318817,0.195438,1,1,1,1,
36.75,73.5,110.25,147,0.738346,0.424601,0.245619,0.142217,1,1,1,1,
36.75,73.5,110.25,147,0.738346,0.424601,0.245619,0.126369,1,1,1,1,
36.75,73.5,110.25,147,0.616721,0.324867,0.169691,0.0838369,1,1,1,1,
36.75,73.5,110.25,147,0.616721,0.324867,0.169691,0.0821154,1,1,1,1,
37,74,111,148,0.866721,0.824867,0.919691,1,1,1,1,1,
37.25,74.5,111.75,149,1,1,1,1,1,1,1,1,
37.25,74.5,111.75,149,1,1,0.935652,0.837424,1,1,1,1,
37.25,74.5,111.75,149,1,1,0.935652,0.822721,1,1,1,1,
37.5,75,112.5,150,1,1,1,1,1,1,1,1,
37.5,75,112.5,150,1,1,1,0.880651,1,1,1,1,
37.5,75,112.5,150,1,1,1,0.869456,1,1,1,1,
37.5,75,112.5,150,1,1,0.975194,0.735996,1,1,1,1,
37.5,75,112.5,150,1,1,0.793633,0.524292,1,1,1,1,
37.5,75,112.5,150,0.877484,0.669388,0.453505,0.262146,1,1,1,1,
37.5,75,112.5,150,0.877484,0.634501,0.381106,0.202012,1,1,1,1,
37.5,75,112.5,150,0.877484,0.634501,0.361381,0.163925,1,1,1,1,
37.5,75,112.5,150,0.822983,0.451533,0.206504,0.0819627,1,1,1,1,
37.5,75,112.5,150,0.822983,0.451533,0.206504,0.0811616,1,1,1,1,
37.5,75,112.5,150,0.822983,0.384663,0.13345,0.0405808,1,1,1,1,
37.5,75,112.5,150,0.822983,0.384663,0.13345,0.0384602,1,1,1,1,
37.5,75,112.5,150,0.822983,0.384663,0.13345,0.0376791,1,1,1,1,
