x,y,color,bgr_mean(1),bgr_mean(2),bgr_mean(3),bgr_var(1),bgr_var(2),bgr_var(3),gt_x,gt_y
0.0008311629062518477,-0.20196913182735443,red,0.0,0.0,131.82898,0.0,0.0,66.87533,-0.329999874211062,-0.3299999455835603
0.0008311629062518477,-0.20196913182735443,red,0.0,0.0,131.82898,0.0,0.0,66.87533,-0.329999874211062,-0.3299999455835603
0.0008311629062518477,-0.20196913182735443,red,0.0,0.0,131.82898,0.0,0.0,66.87533,-0.32999913602006,-0.3299997003479482
0.0008311629062518477,-0.20196913182735443,red,0.0,0.0,131.82898,0.0,0.0,66.87533,-0.3299990210688558,-0.329999662160346
0.0008311629062518477,-0.20196913182735443,red,0.0,0.0,131.82898,0.0,0.0,66.87533,-0.3299990210688558,-0.329999662160346
-0.3255421221256256,-0.3318292498588562,red,0.0,0.0,134.11284,0.0,0.0,46.997635,-0.3299990210688558,-0.329999662160346
-0.3255421221256256,-0.3318292498588562,red,0.0,0.0,134.11284,0.0,0.0,46.997635,-0.3299990210688558,-0.329999662160346
-0.3255421221256256,-0.3318292498588562,red,0.0,0.0,134.11284,0.0,0.0,46.997635,-0.3299990210688558,-0.329999662160346
-0.3255421221256256,-0.3318292498588562,red,0.0,0.0,134.11284,0.0,0.0,46.997635,-0.3299990210688558,-0.329999662160346
-0.3255421221256256,-0.3318292498588562,red,0.0,0.0,134.11284,0.0,0.0,46.997635,-0.3299990210688558,-0.329999662160346
-0.3255421221256256,-0.3318292498588562,red,0.0,0.0,134.11284,0.0,0.0,46.997635,-0.3299990210688558,-0.329999662160346
-0.3255421221256256,-0.3318292498588562,red,0.0,0.0,134.11284,0.0,0.0,46.997635,-0.3299995681716512,-0.27999992196769324
-0.3255421221256256,-0.3318292498588562,red,0.0,0.0,134.11284,0.0,0.0,46.997635,-0.3299995681716512,-0.27999992196769324
-0.324783593416214,-0.28285861015319824,red,0.0,0.0,134.59682,0.0,0.0,42.153038,-0.3299990159746746,-0.27999982217605673
-0.324783593416214,-0.28285861015319824,red,0.0,0.0,134.59682,0.0,0.0,42.153038,-0.3299990159746746,-0.27999982217605673
-0.324783593416214,-0.28285861015319824,red,0.0,0.0,134.59682,0.0,0.0,42.153038,-0.3299990159746746,-0.27999982217605673
-0.324783593416214,-0.28285861015319824,red,0.0,0.0,134.59682,0.0,0.0,42.153038,-0.3299990159746746,-0.27999982217605673
-0.324783593416214,-0.28285861015319824,red,0.0,0.0,134.59682,0.0,0.0,42.153038,-0.3299990159746746,-0.27999982217605673
-0.324783593416214,-0.28285861015319824,red,0.0,0.0,134.59682,0.0,0.0,42.153038,-0.3299990159746746,-0.27999982217605673
-0.324783593416214,-0.28285861015319824,red,0.0,0.0,134.59682,0.0,0.0,42.153038,-0.3299990159746746,-0.27999982217605673
-0.324783593416214,-0.28285861015319824,red,0.0,0.0,134.59682,0.0,0.0,42.153038,-0.3299990159746746,-0.27999982217605673
-0.324783593416214,-0.28285861015319824,red,0.0,0.0,134.59682,0.0,0.0,42.153038,-0.3299990159746746,-0.27999982217605673
-0.324783593416214,-0.28285861015319824,red,0.0,0.0,134.59682,0.0,0.0,42.153038,-0.32999978988627465,-0.2299999929027855
-0.324783593416214,-0.28285861015319824,red,0.0,0.0,134.59682,0.0,0.0,42.153038,-0.329999021205345,-0.22999997112968118
-0.324783593416214,-0.28285861015319824,red,0.0,0.0,134.59682,0.0,0.0,42.153038,-0.32999901557395783,-0.2299999709589547
-0.324783593416214,-0.28285861015319824,red,0.0,0.0,134.59682,0.0,0.0,42.153038,-0.32999901557395783,-0.2299999709589547
-0.324783593416214,-0.28285861015319824,red,0.0,0.0,134.59682,0.0,0.0,42.153038,-0.32999901557395783,-0.2299999709589547
-0.324783593416214,-0.28285861015319824,red,0.0,0.0,134.59682,0.0,0.0,42.153038,-0.32999901557395783,-0.2299999709589547
-0.324783593416214,-0.28285861015319824,red,0.0,0.0,134.59682,0.0,0.0,42.153038,-0.32999901557395783,-0.2299999709589547
-0.3121635615825653,-0.23059473931789398,red,0.0,0.0,136.20746,0.0,0.0,23.007969,-0.32999901557395783,-0.2299999709589547
-0.3121635615825653,-0.23059473931789398,red,0.0,0.0,136.20746,0.0,0.0,23.007969,-0.32999901557395783,-0.2299999709589547
-0.3121635615825653,-0.23059473931789398,red,0.0,0.0,136.20746,0.0,0.0,23.007969,-0.32999901557395783,-0.2299999709589547
-0.3121635615825653,-0.23059473931789398,red,0.0,0.0,136.20746,0.0,0.0,23.007969,-0.32999901557395783,-0.2299999709589547
-0.3121635615825653,-0.23059473931789398,red,0.0,0.0,136.20746,0.0,0.0,23.007969,-0.3299995738668546,-0.18000005124855795
-0.3121635615825653,-0.23059473931789398,red,0.0,0.0,136.20746,0.0,0.0,23.007969,-0.32999901573660645,-0.18000011835976237
-0.3121635615825653,-0.23059473931789398,red,0.0,0.0,136.20746,0.0,0.0,23.007969,-0.32999901573660645,-0.18000011835976237
-0.3121635615825653,-0.23059473931789398,red,0.0,0.0,136.20746,0.0,0.0,23.007969,-0.32999901573660645,-0.18000011835976237
-0.3257875442504883,-0.18087492883205414,red,0.0,0.0,135.04579,0.0,0.0,36.7995,-0.32999901573660645,-0.18000011835976237
-0.3257875442504883,-0.18087492883205414,red,0.0,0.0,135.04579,0.0,0.0,36.7995,-0.32999901573660645,-0.18000011835976237
-0.3257875442504883,-0.18087492883205414,red,0.0,0.0,135.04579,0.0,0.0,36.7995,-0.32999901573660645,-0.18000011835976237
-0.3257875442504883,-0.18087492883205414,red,0.0,0.0,135.04579,0.0,0.0,36.7995,-0.32999901573660645,-0.18000011835976237
-0.3257875442504883,-0.18087492883205414,red,0.0,0.0,135.04579,0.0,0.0,36.7995,-0.32999901573660645,-0.18000011835976237
-0.3257875442504883,-0.18087492883205414,red,0.0,0.0,135.04579,0.0,0.0,36.7995,-0.32999901573660645,-0.18000011835976237
-0.3257875442504883,-0.18087492883205414,red,0.0,0.0,135.04579,0.0,0.0,36.7995,-0.32999901573660645,-0.18000011835976237
-0.3257875442504883,-0.18087492883205414,red,0.0,0.0,135.04579,0.0,0.0,36.7995,-0.32999935357590054,-0.1300001838660623
-0.328409343957901,-0.13154390454292297,red,0.0,0.0,135.44331,0.0,0.0,29.458054,-0.32999935357590054,-0.1300001838660623
-0.328409343957901,-0.13154390454292297,red,0.0,0.0,135.44331,0.0,0.0,29.458054,-0.32999901640359885,-0.1300002671611386
-0.328409343957901,-0.13154390454292297,red,0.0,0.0,135.44331,0.0,0.0,29.458054,-0.32999901640359885,-0.1300002671611386
-0.328409343957901,-0.13154390454292297,red,0.0,0.0,135.44331,0.0,0.0,29.458054,-0.32999901640359885,-0.1300002671611386
-0.328409343957901,-0.13154390454292297,red,0.0,0.0,135.44331,0.0,0.0,29.458054,-0.32999901640359885,-0.1300002671611386
-0.328409343957901,-0.13154390454292297,red,0.0,0.0,135.44331,0.0,0.0,29.458054,-0.32999901640359885,-0.1300002671611386
-0.328409343957901,-0.13154390454292297,red,0.0,0.0,135.44331,0.0,0.0,29.458054,-0.32999901640359885,-0.1300002671611386
-0.328409343957901,-0.13154390454292297,red,0.0,0.0,135.44331,0.0,0.0,29.458054,-0.32999901640359885,-0.1300002671611386
-0.328409343957901,-0.13154390454292297,red,0.0,0.0,135.44331,0.0,0.0,29.458054,-0.32999901640359885,-0.1300002671611386
-0.328409343957901,-0.13154390454292297,red,0.0,0.0,135.44331,0.0,0.0,29.458054,-0.32999901640359885,-0.1300002671611386
-0.328409343957901,-0.13154390454292297,red,0.0,0.0,135.44331,0.0,0.0,29.458054,-0.28000263200178854,-0.32999978924394235
-0.328409343957901,-0.13154390454292297,red,0.0,0.0,135.44331,0.0,0.0,29.458054,-0.28000263200178854,-0.32999978924394235
-0.328409343957901,-0.13154390454292297,red,0.0,0.0,135.44331,0.0,0.0,29.458054,-0.2800042231306718,-0.3299996614959077
-0.328409343957901,-0.13154390454292297,red,0.0,0.0,135.44331,0.0,0.0,29.458054,-0.2800042231306718,-0.3299996614959077
-0.328409343957901,-0.13154390454292297,red,0.0,0.0,135.44331,0.0,0.0,29.458054,-0.2800042231306718,-0.3299996614959077
-0.328409343957901,-0.13154390454292297,red,0.0,0.0,135.44331,0.0,0.0,29.458054,-0.2800042231306718,-0.3299996614959077
-0.2835480868816376,-0.3318726122379303,red,0.0,0.0,133.73956,0.0,0.0,54.137924,-0.2800042231306718,-0.3299996614959077
-0.2835480868816376,-0.3318726122379303,red,0.0,0.0,133.73956,0.0,0.0,54.137924,-0.2800042231306718,-0.3299996614959077
-0.2835480868816376,-0.3318726122379303,red,0.0,0.0,133.73956,0.0,0.0,54.137924,-0.2800042231306718,-0.3299996614959077
-0.2835480868816376,-0.3318726122379303,red,0.0,0.0,133.73956,0.0,0.0,54.137924,-0.2800042231306718,-0.3299996614959077
-0.2835480868816376,-0.3318726122379303,red,0.0,0.0,133.73956,0.0,0.0,54.137924,-0.2800042231306718,-0.3299996614959077
-0.2835480868816376,-0.3318726122379303,red,0.0,0.0,133.73956,0.0,0.0,54.137924,-0.2799994537191966,-0.2799998771446324
-0.2835480868816376,-0.3318726122379303,red,0.0,0.0,133.73956,0.0,0.0,54.137924,-0.27999916279104364,-0.2799998216820563
-0.2835480868816376,-0.3318726122379303,red,0.0,0.0,133.73956,0.0,0.0,54.137924,-0.27999916279104364,-0.2799998216820563
-0.28611868619918823,-0.28286832571029663,red,0.0,0.0,135.13039,0.0,0.0,33.99621,-0.27999916279104364,-0.2799998216820563
-0.28611868619918823,-0.28286832571029663,red,0.0,0.0,135.13039,0.0,0.0,33.99621,-0.27999916279104364,-0.2799998216820563
-0.28611868619918823,-0.28286832571029663,red,0.0,0.0,135.13039,0.0,0.0,33.99621,-0.27999916279104364,-0.2799998216820563
-0.28611868619918823,-0.28286832571029663,red,0.0,0.0,135.13039,0.0,0.0,33.99621,-0.27999916279104364,-0.2799998216820563
-0.28611868619918823,-0.28286832571029663,red,0.0,0.0,135.13039,0.0,0.0,33.99621,-0.27999916279104364,-0.2799998216820563
-0.28611868619918823,-0.28286832571029663,red,0.0,0.0,135.13039,0.0,0.0,33.99621,-0.27999916279104364,-0.2799998216820563
-0.28611868619918823,-0.28286832571029663,red,0.0,0.0,135.13039,0.0,0.0,33.99621,-0.27999916279104364,-0.2799998216820563
-0.28611868619918823,-0.28286832571029663,red,0.0,0.0,135.13039,0.0,0.0,33.99621,-0.27999916279104364,-0.2799998216820563
-0.26232481002807617,-0.23059403896331787,red,0.0,0.0,134.79745,0.0,0.0,33.578148,-0.27999993454755456,-0.22999999668887566
-0.26232481002807617,-0.23059403896331787,red,0.0,0.0,134.79745,0.0,0.0,33.578148,-0.27999927548259174,-0.22999997501606126
-0.26232481002807617,-0.23059403896331787,red,0.0,0.0,134.79745,0.0,0.0,33.578148,-0.27999916250494494,-0.2299999711202204
-0.26232481002807617,-0.23059403896331787,red,0.0,0.0,134.79745,0.0,0.0,33.578148,-0.27999916250494494,-0.2299999711202204
-0.26232481002807617,-0.23059403896331787,red,0.0,0.0,134.79745,0.0,0.0,33.578148,-0.27999916250494494,-0.2299999711202204
-0.26232481002807617,-0.23059403896331787,red,0.0,0.0,134.79745,0.0,0.0,33.578148,-0.27999916250494494,-0.2299999711202204
-0.26232481002807617,-0.23059403896331787,red,0.0,0.0,134.79745,0.0,0.0,33.578148,-0.27999916250494494,-0.2299999711202204
-0.26232481002807617,-0.23059403896331787,red,0.0,0.0,134.79745,0.0,0.0,33.578148,-0.27999916250494494,-0.2299999711202204
-0.26232481002807617,-0.23059403896331787,red,0.0,0.0,134.79633,0.0,0.0,33.598495,-0.27999916250494494,-0.2299999711202204
-0.26232481002807617,-0.23059403896331787,red,0.0,0.0,134.79633,0.0,0.0,33.598495,-0.27999916250494494,-0.2299999711202204
-0.26232481002807617,-0.23059403896331787,red,0.0,0.0,134.79633,0.0,0.0,33.598495,-0.27999916250494494,-0.2299999711202204
-0.26232481002807617,-0.23059403896331787,red,0.0,0.0,134.79633,0.0,0.0,33.598495,-0.27999997988984415,-0.1800000071690177
-0.26232481002807617,-0.23059403896331787,red,0.0,0.0,134.79633,0.0,0.0,33.598495,-0.2799993207978953,-0.1800000961571984
-0.26232481002807617,-0.23059403896331787,red,0.0,0.0,134.79633,0.0,0.0,33.598495,-0.2799991626331294,-0.18000011854915268
-0.26232481002807617,-0.23059403896331787,red,0.0,0.0,134.79633,0.0,0.0,33.598495,-0.2799991626331294,-0.18000011854915268
-0.26232481002807617,-0.23059403896331787,red,0.0,0.0,134.79633,0.0,0.0,33.598495,-0.2799991626331294,-0.18000011854915268
-0.2835506200790405,-0.1808846890926361,red,0.0,0.0,134.92868,0.0,0.0,30.384567,-0.2799991626331294,-0.18000011854915268
-0.2835506200790405,-0.1808846890926361,red,0.0,0.0,134.92868,0.0,0.0,30.384567,-0.2799991626331294,-0.18000011854915268
-0.2835506200790405,-0.1808846890926361,red,0.0,0.0,134.92868,0.0,0.0,30.384567,-0.2799991626331294,-0.18000011854915268
-0.2835506200790405,-0.1808846890926361,red,0.0,0.0,134.92868,0.0,0.0,30.384567,-0.2799991626331294,-0.18000011854915268
-0.2835506200790405,-0.1808846890926361,red,0.0,0.0,134.92868,0.0,0.0,30.384567,-0.2799991626331294,-0.18000011854915268
-0.2835506200790405,-0.1808846890926361,red,0.0,0.0,134.92868,0.0,0.0,30.384567,-0.2799991626331294,-0.18000011854915268
-0.2835506200790405,-0.1808846890926361,red,0.0,0.0,134.92868,0.0,0.0,30.384567,-0.2800017173595598,-0.1300001140563505
-0.2835506200790405,-0.1808846890926361,red,0.0,0.0,134.92868,0.0,0.0,30.384567,-0.2800041923178405,-0.13000027688562474
-0.2590574026107788,-0.13438624143600464,red,0.64555764,0.64555764,134.35255,54.48215,54.48215,34.567024,-0.2800041923178405,-0.13000027688562474
-0.2590574026107788,-0.13438624143600464,red,0.64555764,0.64555764,134.35255,54.48215,54.48215,34.567024,-0.2800041923178405,-0.13000027688562474
-0.2590574026107788,-0.13438624143600464,red,0.64555764,0.64555764,134.35255,54.48215,54.48215,34.567024,-0.2800041923178405,-0.13000027688562474
-0.2590574026107788,-0.13438624143600464,red,0.64555764,0.64555764,134.35255,54.48215,54.48215,34.567024,-0.2800041923178405,-0.13000027688562474
-0.2590574026107788,-0.13438624143600464,red,0.64555764,0.64555764,134.35255,54.48215,54.48215,34.567024,-0.2800041923178405,-0.13000027688562474
-0.2590574026107788,-0.13438624143600464,red,0.64555764,0.64555764,134.35255,54.48215,54.48215,34.567024,-0.2800041923178405,-0.13000027688562474
-0.2590574026107788,-0.13438624143600464,red,0.64555764,0.64555764,134.35255,54.48215,54.48215,34.567024,-0.2800041923178405,-0.13000027688562474
-0.2590574026107788,-0.13438624143600464,red,0.64555764,0.64555764,134.35255,54.48215,54.48215,34.567024,-0.2800041923178405,-0.13000027688562474
-0.2590574026107788,-0.13438624143600464,red,0.64555764,0.64555764,134.35255,54.48215,54.48215,34.567024,-0.2800041923178405,-0.13000027688562474
-0.2590574026107788,-0.13438624143600464,red,0.64555764,0.64555764,134.35255,54.48215,54.48215,34.567024,-0.2800041923178405,-0.13000027688562474
-0.2590574026107788,-0.13438624143600464,red,0.64555764,0.64555764,134.35255,54.48215,54.48215,34.567024,-0.23000249134729975,-0.32999980702870835
-0.2590574026107788,-0.13438624143600464,red,0.64555764,0.64555764,134.35255,54.48215,54.48215,34.567024,-0.23000437873314672,-0.32999966210052467
-0.2590574026107788,-0.13438624143600464,red,0.64555764,0.64555764,134.35255,54.48215,54.48215,34.567024,-0.23000437873314672,-0.32999966210052467
-0.2590574026107788,-0.13438624143600464,red,0.64555764,0.64555764,134.35255,54.48215,54.48215,34.567024,-0.23000437873314672,-0.32999966210052467
-0.2590574026107788,-0.13438624143600464,red,0.64555764,0.64555764,134.35255,54.48215,54.48215,34.567024,-0.23000437873314672,-0.32999966210052467
-0.2590574026107788,-0.13438624143600464,red,0.64555764,0.64555764,134.35255,54.48215,54.48215,34.567024,-0.23000437873314672,-0.32999966210052467
-0.23090621829032898,-0.3318864107131958,red,0.0,0.0,133.68434,0.0,0.0,51.401726,-0.23000437873314672,-0.32999966210052467
-0.23090621829032898,-0.3318864107131958,red,0.0,0.0,133.68434,0.0,0.0,51.401726,-0.23000437873314672,-0.32999966210052467
-0.23090621829032898,-0.3318864107131958,red,0.0,0.0,133.68434,0.0,0.0,51.401726,-0.23000437873314672,-0.32999966210052467
-0.23090621829032898,-0.3318864107131958,red,0.0,0.0,133.68434,0.0,0.0,51.401726,-0.23000437873314672,-0.32999966210052467
-0.23090621829032898,-0.3318864107131958,red,0.0,0.0,133.68434,0.0,0.0,51.401726,-0.22999986270873546,-0.27999996440943375
-0.23090621829032898,-0.3318864107131958,red,0.0,0.0,133.68434,0.0,0.0,51.401726,-0.22999937580249413,-0.27999983024033426
-0.23090621829032898,-0.3318864107131958,red,0.0,0.0,133.68434,0.0,0.0,51.401726,-0.22999931069981658,-0.27999982127668815
-0.23090621829032898,-0.3318864107131958,red,0.0,0.0,133.68434,0.0,0.0,51.401726,-0.22999931069981658,-0.27999982127668815
-0.2308531105518341,-0.2827128767967224,red,0.0,0.0,134.46713,0.0,0.0,35.372704,-0.22999931069981658,-0.27999982127668815
-0.2308531105518341,-0.2827128767967224,red,0.0,0.0,134.46713,0.0,0.0,35.372704,-0.22999931069981658,-0.27999982127668815
-0.2308531105518341,-0.2827128767967224,red,0.0,0.0,134.46713,0.0,0.0,35.372704,-0.22999931069981658,-0.27999982127668815
-0.2308531105518341,-0.2827128767967224,red,0.0,0.0,134.46713,0.0,0.0,35.372704,-0.22999931069981658,-0.27999982127668815
-0.2308531105518341,-0.2827128767967224,red,0.0,0.0,134.46713,0.0,0.0,35.372704,-0.22999931069981658,-0.27999982127668815
-0.2308531105518341,-0.2827128767967224,red,0.0,0.0,134.46713,0.0,0.0,35.372704,-0.22999931069981658,-0.27999982127668815
-0.2308531105518341,-0.2827128767967224,red,0.0,0.0,134.46713,0.0,0.0,35.372704,-0.22999931069981658,-0.27999982127668815
-0.2308531105518341,-0.2827128767967224,red,0.0,0.0,134.46713,0.0,0.0,35.372704,-0.2299995999447263,-0.22999998321802784
-0.2308805286884308,-0.23004835844039917,red,0.2268431,0.2268431,133.2911,16.641205,16.641205,53.39069,-0.22999931047559055,-0.22999997108094208
-0.2308805286884308,-0.23004835844039917,red,0.2268431,0.2268431,133.2911,16.641205,16.641205,53.39069,-0.22999931047559055,-0.22999997108094208
-0.2308805286884308,-0.23004835844039917,red,0.2268431,0.2268431,133.2911,16.641205,16.641205,53.39069,-0.22999931047559055,-0.22999997108094208
-0.2308805286884308,-0.23004835844039917,red,0.2268431,0.2268431,133.2911,16.641205,16.641205,53.39069,-0.22999931047559055,-0.22999997108094208
-0.2308805286884308,-0.23004835844039917,red,0.2268431,0.2268431,133.2911,16.641205,16.641205,53.39069,-0.22999931047559055,-0.22999997108094208
-0.2308805286884308,-0.23004835844039917,red,0.2268431,0.2268431,133.2911,16.641205,16.641205,53.39069,-0.22999931047559055,-0.22999997108094208
-0.2308805286884308,-0.23004835844039917,red,0.2268431,0.2268431,133.2911,16.641205,16.641205,53.39069,-0.22999931047559055,-0.22999997108094208
-0.2308805286884308,-0.23004835844039917,red,0.2268431,0.2268431,133.2911,16.641205,16.641205,53.39069,-0.22999931047559055,-0.22999997108094208
-0.2308805286884308,-0.23004835844039917,red,0.2268431,0.2268431,133.2911,16.641205,16.641205,53.432358,-0.22999931047559055,-0.22999997108094208
-0.2308805286884308,-0.23004835844039917,red,0.2268431,0.2268431,133.2911,16.641205,16.641205,53.432358,-0.22999931047559055,-0.22999997108094208
-0.2308805286884308,-0.23004835844039917,red,0.2268431,0.2268431,133.2911,16.641205,16.641205,53.432358,-0.22999988796865106,-0.18000001930726664
-0.2308805286884308,-0.23004835844039917,red,0.2268431,0.2268431,133.2911,16.641205,16.641205,53.432358,-0.22999937041855942,-0.18000010850409334
-0.2308805286884308,-0.23004835844039917,red,0.2268431,0.2268431,133.2911,16.641205,16.641205,53.432358,-0.2299993105696366,-0.18000011881492728
-0.2308805286884308,-0.23004835844039917,red,0.2268431,0.2268431,133.2911,16.641205,16.641205,53.432358,-0.2299993105696366,-0.18000011881492728
-0.2308805286884308,-0.23004835844039917,red,0.2268431,0.2268431,133.2911,16.641205,16.641205,53.432358,-0.2299993105696366,-0.18000011881492728
-0.2308805286884308,-0.23004835844039917,red,0.2268431,0.2268431,133.2911,16.641205,16.641205,53.432358,-0.2299993105696366,-0.18000011881492728
-0.2116326093673706,-0.1840975433588028,red,0.2911153,0.2911153,135.069,23.2075,23.2075,26.397087,-0.2299993105696366,-0.18000011881492728
-0.2116326093673706,-0.1840975433588028,red,0.2911153,0.2911153,135.069,23.2075,23.2075,26.397087,-0.2299993105696366,-0.18000011881492728
-0.2116326093673706,-0.1840975433588028,red,0.2911153,0.2911153,135.069,23.2075,23.2075,26.397087,-0.2299993105696366,-0.18000011881492728
-0.2116326093673706,-0.1840975433588028,red,0.2911153,0.2911153,135.069,23.2075,23.2075,26.397087,-0.2299993105696366,-0.18000011881492728
-0.2116326093673706,-0.1840975433588028,red,0.2911153,0.2911153,135.069,23.2075,23.2075,26.397087,-0.2299993105696366,-0.18000011881492728
-0.2116326093673706,-0.1840975433588028,red,0.2911153,0.2911153,135.069,23.2075,23.2075,26.397087,-0.2299993105696366,-0.18000011881492728
-0.2116326093673706,-0.1840975433588028,red,0.2911153,0.2911153,135.069,23.2075,23.2075,26.397087,-0.23000280738003498,-0.13000017703992378
-0.2116326093673706,-0.1840975433588028,red,0.2911153,0.2911153,135.069,23.2075,23.2075,26.397087,-0.23000434796617933,-0.130000276395167
-0.23345276713371277,-0.13153453171253204,red,0.0,0.0,133.92155,0.0,0.0,39.679893,-0.23000434796617933,-0.130000276395167
-0.23345276713371277,-0.13153453171253204,red,0.0,0.0,133.92155,0.0,0.0,39.679893,-0.23000434796617933,-0.130000276395167
-0.23345276713371277,-0.13153453171253204,red,0.0,0.0,133.92155,0.0,0.0,39.679893,-0.23000434796617933,-0.130000276395167
-0.23345276713371277,-0.13153453171253204,red,0.0,0.0,133.92155,0.0,0.0,39.679893,-0.23000434796617933,-0.130000276395167
-0.23345276713371277,-0.13153453171253204,red,0.0,0.0,133.92155,0.0,0.0,39.679893,-0.23000434796617933,-0.130000276395167
-0.23345276713371277,-0.13153453171253204,red,0.0,0.0,133.92155,0.0,0.0,39.679893,-0.23000434796617933,-0.130000276395167
-0.23345276713371277,-0.13153453171253204,red,0.0,0.0,133.92155,0.0,0.0,39.679893,-0.23000434796617933,-0.130000276395167
-0.23345276713371277,-0.13153453171253204,red,0.0,0.0,133.92155,0.0,0.0,39.679893,-0.23000434796617933,-0.130000276395167
-0.23345276713371277,-0.13153453171253204,red,0.0,0.0,133.92155,0.0,0.0,39.679893,-0.1800021204068706,-0.32999984290440204
-0.23345276713371277,-0.13153453171253204,red,0.0,0.0,133.92155,0.0,0.0,39.679893,-0.180004534048611,-0.3299996628592558
-0.23345276713371277,-0.13153453171253204,red,0.0,0.0,133.92155,0.0,0.0,39.679893,-0.180004534048611,-0.3299996628592558
-0.23345276713371277,-0.13153453171253204,red,0.0,0.0,133.92155,0.0,0.0,39.679893,-0.180004534048611,-0.3299996628592558
-0.23345276713371277,-0.13153453171253204,red,0.0,0.0,133.92155,0.0,0.0,39.679893,-0.180004534048611,-0.3299996628592558
-0.23345276713371277,-0.13153453171253204,red,0.0,0.0,133.92155,0.0,0.0,39.679893,-0.180004534048611,-0.3299996628592558
-0.23345276713371277,-0.13153453171253204,red,0.0,0.0,133.92155,0.0,0.0,39.679893,-0.180004534048611,-0.3299996628592558
-0.23345276713371277,-0.13153453171253204,red,0.0,0.0,133.92155,0.0,0.0,39.679893,-0.180004534048611,-0.3299996628592558
-0.1817672848701477,-0.3318999111652374,red,0.0,0.0,132.92444,0.0,0.0,62.156784,-0.180004534048611,-0.3299996628592558
-0.1817672848701477,-0.3318999111652374,red,0.0,0.0,132.92444,0.0,0.0,62.156784,-0.180004534048611,-0.3299996628592558
-0.1817672848701477,-0.3318999111652374,red,0.0,0.0,132.92444,0.0,0.0,62.156784,-0.180004534048611,-0.3299996628592558
-0.1817672848701477,-0.3318999111652374,red,0.0,0.0,132.92444,0.0,0.0,62.156784,-0.18000010867043015,-0.27999999556400623
-0.1817672848701477,-0.3318999111652374,red,0.0,0.0,132.92444,0.0,0.0,62.156784,-0.18000350201635412,-0.27999985769444696
-0.1817672848701477,-0.3318999111652374,red,0.0,0.0,132.92444,0.0,0.0,62.156784,-0.18000450311488717,-0.27999981639897276
-0.1817672848701477,-0.3318999111652374,red,0.0,0.0,132.92444,0.0,0.0,62.156784,-0.18000450311488717,-0.27999981639897276
-0.1817672848701477,-0.3318999111652374,red,0.0,0.0,132.92444,0.0,0.0,62.156784,-0.18000450311488717,-0.27999981639897276
-0.16507664322853088,-0.2771928608417511,red,0.2268431,0.2268431,132.87619,16.641209,16.641209,57.047085,-0.18000450311488717,-0.27999981639897276
-0.16507664322853088,-0.2771928608417511,red,0.2268431,0.2268431,132.87619,16.641209,16.641209,57.047085,-0.18000450311488717,-0.27999981639897276
-0.16507664322853088,-0.2771928608417511,red,0.2268431,0.2268431,132.87619,16.641209,16.641209,57.047085,-0.18000450311488717,-0.27999981639897276
-0.16507664322853088,-0.2771928608417511,red,0.2268431,0.2268431,132.87619,16.641209,16.641209,57.047085,-0.18000450311488717,-0.27999981639897276
-0.16507664322853088,-0.2771928608417511,red,0.2268431,0.2268431,132.87619,16.641209,16.641209,57.047085,-0.18000450311488717,-0.27999981639897276
-0.16507664322853088,-0.2771928608417511,red,0.2268431,0.2268431,132.87619,16.641209,16.641209,57.047085,-0.18000450311488717,-0.27999981639897276
-0.16507664322853088,-0.2771928608417511,red,0.2268431,0.2268431,132.87619,16.641209,16.641209,57.047085,-0.1799997331865959,-0.22999998570798114
-0.16507664322853088,-0.2771928608417511,red,0.2268431,0.2268431,132.87619,16.641209,16.641209,57.047085,-0.1799997331865959,-0.22999998570798114
-0.18417081236839294,-0.2336205542087555,red,0.0,0.0,134.53967,0.0,0.0,38.022675,-0.17999945936515088,-0.2299999710325821
-0.18417081236839294,-0.2336205542087555,red,0.0,0.0,134.53967,0.0,0.0,38.022675,-0.17999945936515088,-0.2299999710325821
-0.18417081236839294,-0.2336205542087555,red,0.0,0.0,134.53967,0.0,0.0,38.022675,-0.17999945936515088,-0.2299999710325821
-0.18417081236839294,-0.2336205542087555,red,0.0,0.0,134.53967,0.0,0.0,38.022675,-0.17999945936515088,-0.2299999710325821
-0.18417081236839294,-0.2336205542087555,red,0.0,0.0,134.53967,0.0,0.0,38.022675,-0.17999945936515088,-0.2299999710325821
-0.18417081236839294,-0.2336205542087555,red,0.0,0.0,134.53967,0.0,0.0,38.022675,-0.17999945936515088,-0.2299999710325821
-0.18417081236839294,-0.2336205542087555,red,0.0,0.0,134.53967,0.0,0.0,38.022675,-0.17999945936515088,-0.2299999710325821
-0.18417081236839294,-0.2336205542087555,red,0.0,0.0,134.53967,0.0,0.0,38.022675,-0.17999945936515088,-0.2299999710325821
-0.18417081236839294,-0.2336205542087555,red,0.0,0.0,134.53967,0.0,0.0,38.022675,-0.17999945936515088,-0.2299999710325821
-0.18417081236839294,-0.2336205542087555,red,0.0,0.0,134.53967,0.0,0.0,38.022675,-0.1800015225809336,-0.18000004082302767
-0.18417081236839294,-0.2336205542087555,red,0.0,0.0,134.53967,0.0,0.0,38.022675,-0.18000453351876722,-0.18000012208412733
-0.18417081236839294,-0.2336205542087555,red,0.0,0.0,134.53967,0.0,0.0,38.022675,-0.18000453351876722,-0.18000012208412733
-0.18417081236839294,-0.2336205542087555,red,0.0,0.0,134.53967,0.0,0.0,38.022675,-0.18000453351876722,-0.18000012208412733
-0.18417081236839294,-0.2336205542087555,red,0.0,0.0,134.53967,0.0,0.0,38.022675,-0.18000453351876722,-0.18000012208412733
-0.18417081236839294,-0.2336205542087555,red,0.0,0.0,134.53967,0.0,0.0,38.022675,-0.18000453351876722,-0.18000012208412733
-0.18417081236839294,-0.2336205542087555,red,0.0,0.0,134.53967,0.0,0.0,38.022675,-0.18000453351876722,-0.18000012208412733
-0.18067139387130737,-0.18081796169281006,red,0.0,0.0,133.73819,0.0,0.0,38.312126,-0.18000453351876722,-0.18000012208412733
-0.18067139387130737,-0.18081796169281006,red,0.0,0.0,133.73819,0.0,0.0,38.312126,-0.18000453351876722,-0.18000012208412733
-0.18067139387130737,-0.18081796169281006,red,0.0,0.0,133.73819,0.0,0.0,38.312126,-0.18000453351876722,-0.18000012208412733
-0.18067139387130737,-0.18081796169281006,red,0.0,0.0,133.73819,0.0,0.0,38.312126,-0.18000453351876722,-0.18000012208412733
-0.18067139387130737,-0.18081796169281006,red,0.0,0.0,133.73819,0.0,0.0,38.312126,-0.1800003277906477,-0.13000001908731293
-0.18067139387130737,-0.18081796169281006,red,0.0,0.0,133.73819,0.0,0.0,38.312126,-0.18000372076229748,-0.13000022614031884
-0.18067139387130737,-0.18081796169281006,red,0.0,0.0,133.73819,0.0,0.0,38.312126,-0.18000450501377216,-0.13000027493448008
-0.18067139387130737,-0.18081796169281006,red,0.0,0.0,133.73819,0.0,0.0,38.312126,-0.18000450501377216,-0.13000027493448008
-0.18068259954452515,-0.1315293163061142,red,0.0,0.0,133.85161,0.0,0.0,36.45343,-0.18000450501377216,-0.13000027493448008
-0.18068259954452515,-0.1315293163061142,red,0.0,0.0,133.85161,0.0,0.0,36.45343,-0.18000450501377216,-0.13000027493448008
-0.18068259954452515,-0.1315293163061142,red,0.0,0.0,133.85161,0.0,0.0,36.45343,-0.18000450501377216,-0.13000027493448008
-0.18068259954452515,-0.1315293163061142,red,0.0,0.0,133.85161,0.0,0.0,36.45343,-0.18000450501377216,-0.13000027493448008
-0.18068259954452515,-0.1315293163061142,red,0.0,0.0,133.85161,0.0,0.0,36.45343,-0.18000450501377216,-0.13000027493448008
-0.18068259954452515,-0.1315293163061142,red,0.0,0.0,133.85161,0.0,0.0,36.45343,-0.18000450501377216,-0.13000027493448008
-0.18068259954452515,-0.1315293163061142,red,0.0,0.0,133.85161,0.0,0.0,36.45343,-0.18000450501377216,-0.13000027493448008
-0.18068259954452515,-0.1315293163061142,red,0.0,0.0,133.85161,0.0,0.0,36.45343,-0.13000244617983384,-0.3299998260203663
-0.1164451614022255,-0.3268354833126068,red,1.2674859,1.2674859,133.65503,128.23141,128.23141,43.030357,-0.13000468886323635,-0.3299996637721677
-0.1164451614022255,-0.3268354833126068,red,1.2674859,1.2674859,133.65503,128.23141,128.23141,43.030357,-0.13000468886323635,-0.3299996637721677
-0.1164451614022255,-0.3268354833126068,red,1.2674859,1.2674859,133.65503,128.23141,128.23141,43.030357,-0.13000468886323635,-0.3299996637721677
-0.1164451614022255,-0.3268354833126068,red,1.2674859,1.2674859,133.65503,128.23141,128.23141,43.030357,-0.13000468886323635,-0.3299996637721677
-0.1164451614022255,-0.3268354833126068,red,1.2674859,1.2674859,133.65503,128.23141,128.23141,43.030357,-0.13000468886323635,-0.3299996637721677
-0.1164451614022255,-0.3268354833126068,red,1.2674859,1.2674859,133.65503,128.23141,128.23141,43.030357,-0.13000468886323635,-0.3299996637721677
-0.1164451614022255,-0.3268354833126068,red,1.2674859,1.2674859,133.65503,128.23141,128.23141,43.030357,-0.13000468886323635,-0.3299996637721677
-0.1164451614022255,-0.3268354833126068,red,1.2674859,1.2674859,133.65503,128.23141,128.23141,43.030357,-0.13000468886323635,-0.3299996637721677
-0.1164451614022255,-0.3268354833126068,red,1.2674859,1.2674859,133.65843,128.23141,128.23141,42.94792,-0.13000468886323635,-0.3299996637721677
-0.1164451614022255,-0.3268354833126068,red,1.2674859,1.2674859,133.65843,128.23141,128.23141,42.94792,-0.13000468886323635,-0.3299996637721677
-0.1164451614022255,-0.3268354833126068,red,1.2674859,1.2674859,133.65843,128.23141,128.23141,42.94792,-0.13000339895284652,-0.27999986743344846
-0.1164451614022255,-0.3268354833126068,red,1.2674859,1.2674859,133.65843,128.23141,128.23141,42.94792,-0.13000339895284652,-0.27999986743344846
-0.1164451614022255,-0.3268354833126068,red,1.2674859,1.2674859,133.65843,128.23141,128.23141,42.94792,-0.13000465926777702,-0.27999981745828495
-0.1164451614022255,-0.3268354833126068,red,1.2674859,1.2674859,133.65843,128.23141,128.23141,42.94792,-0.13000465926777702,-0.27999981745828495
-0.1164451614022255,-0.3268354833126068,red,1.2674859,1.2674859,133.65843,128.23141,128.23141,42.94792,-0.13000465926777702,-0.27999981745828495
-0.1164451614022255,-0.3268354833126068,red,1.2674859,1.2674859,133.65843,128.23141,128.23141,42.94792,-0.13000465926777702,-0.27999981745828495
-0.1313832700252533,-0.28290727734565735,red,0.0,0.0,134.30612,0.0,0.0,39.292572,-0.13000465926777702,-0.27999981745828495
-0.1313832700252533,-0.28290727734565735,red,0.0,0.0,134.30612,0.0,0.0,39.292572,-0.13000465926777702,-0.27999981745828495
-0.1313832700252533,-0.28290727734565735,red,0.0,0.0,134.30612,0.0,0.0,39.292572,-0.13000465926777702,-0.27999981745828495
-0.1313832700252533,-0.28290727734565735,red,0.0,0.0,134.30612,0.0,0.0,39.292572,-0.13000465926777702,-0.27999981745828495
-0.1313832700252533,-0.28290727734565735,red,0.0,0.0,134.30612,0.0,0.0,39.292572,-0.13000465926777702,-0.27999981745828495
-0.1313832700252533,-0.28290727734565735,red,0.0,0.0,134.30612,0.0,0.0,39.292572,-0.13000078813363247,-0.2299999950884096
-0.1313832700252533,-0.28290727734565735,red,0.0,0.0,134.30612,0.0,0.0,39.292572,-0.1300042960835621,-0.22999997279850035
-0.1313832700252533,-0.28290727734565735,red,0.0,0.0,134.30612,0.0,0.0,39.292572,-0.13000468843047328,-0.22999997030599867
-0.11857204884290695,-0.2306547611951828,red,0.0,0.0,134.52722,0.0,0.0,35.916428,-0.13000468843047328,-0.22999997030599867
-0.11857204884290695,-0.2306547611951828,red,0.0,0.0,134.52722,0.0,0.0,35.916428,-0.13000468843047328,-0.22999997030599867
-0.11857204884290695,-0.2306547611951828,red,0.0,0.0,134.52722,0.0,0.0,35.916428,-0.13000468843047328,-0.22999997030599867
-0.11857204884290695,-0.2306547611951828,red,0.0,0.0,134.52722,0.0,0.0,35.916428,-0.13000468843047328,-0.22999997030599867
-0.11857204884290695,-0.2306547611951828,red,0.0,0.0,134.52722,0.0,0.0,35.916428,-0.13000468843047328,-0.22999997030599867
-0.11857204884290695,-0.2306547611951828,red,0.0,0.0,134.52722,0.0,0.0,35.916428,-0.13000468843047328,-0.22999997030599867
-0.11857204884290695,-0.2306547611951828,red,0.0,0.0,134.52722,0.0,0.0,35.916428,-0.13000468843047328,-0.22999997030599867
-0.11857204884290695,-0.2306547611951828,red,0.0,0.0,134.52722,0.0,0.0,35.916428,-0.13000468843047328,-0.22999997030599867
-0.13141267001628876,-0.18081805109977722,red,0.0,0.0,133.77036,0.0,0.0,43.004196,-0.13000151728465292,-0.18000003954482358
-0.13141267001628876,-0.18081805109977722,red,0.0,0.0,133.77036,0.0,0.0,43.004196,-0.1300046579792943,-0.18000012175845956
-0.13141267001628876,-0.18081805109977722,red,0.0,0.0,133.77036,0.0,0.0,43.004196,-0.1300046579792943,-0.18000012175845956
-0.13141267001628876,-0.18081805109977722,red,0.0,0.0,133.77036,0.0,0.0,43.004196,-0.1300046579792943,-0.18000012175845956
-0.13141267001628876,-0.18081805109977722,red,0.0,0.0,133.77036,0.0,0.0,43.004196,-0.1300046579792943,-0.18000012175845956
-0.13141267001628876,-0.18081805109977722,red,0.0,0.0,133.77036,0.0,0.0,43.004196,-0.1300046579792943,-0.18000012175845956
-0.13141267001628876,-0.18081805109977722,red,0.0,0.0,133.77036,0.0,0.0,43.004196,-0.1300046579792943,-0.18000012175845956
-0.13141267001628876,-0.18081805109977722,red,0.0,0.0,133.77036,0.0,0.0,43.004196,-0.1300046579792943,-0.18000012175845956
-0.13141267001628876,-0.18081805109977722,red,0.0,0.0,133.76941,0.0,0.0,43.040504,-0.1300046579792943,-0.18000012175845956
-0.13141267001628876,-0.18081805109977722,red,0.0,0.0,133.76941,0.0,0.0,43.040504,-0.1300046579792943,-0.18000012175845956
-0.13141267001628876,-0.18081805109977722,red,0.0,0.0,133.76941,0.0,0.0,43.040504,-0.1300046579792943,-0.18000012175845956
-0.13141267001628876,-0.18081805109977722,red,0.0,0.0,133.76941,0.0,0.0,43.040504,-0.13000230445784364,-0.13000013490406637
-0.13141267001628876,-0.18081805109977722,red,0.0,0.0,133.76941,0.0,0.0,43.040504,-0.13000468871563675,-0.13000027500234526
-0.13141267001628876,-0.18081805109977722,red,0.0,0.0,133.76941,0.0,0.0,43.040504,-0.13000468871563675,-0.13000027500234526
-0.13141267001628876,-0.18081805109977722,red,0.0,0.0,133.76941,0.0,0.0,43.040504,-0.13000468871563675,-0.13000027500234526
-0.13141267001628876,-0.18081805109977722,red,0.0,0.0,133.76941,0.0,0.0,43.040504,-0.13000468871563675,-0.13000027500234526
-0.13141979277133942,-0.131524458527565,red,0.0,0.0,134.78004,0.0,0.0,33.10659,-0.13000468871563675,-0.13000027500234526
-0.13141979277133942,-0.131524458527565,red,0.0,0.0,134.78004,0.0,0.0,33.10659,-0.13000468871563675,-0.13000027500234526
-0.13141979277133942,-0.131524458527565,red,0.0,0.0,134.78004,0.0,0.0,33.10659,-0.13000468871563675,-0.13000027500234526
-0.13141979277133942,-0.131524458527565,red,0.0,0.0,134.78004,0.0,0.0,33.10659,-0.13000468871563675,-0.13000027500234526
-0.13141979277133942,-0.131524458527565,red,0.0,0.0,134.78004,0.0,0.0,33.10659,-0.13000468871563675,-0.13000027500234526
-0.13141979277133942,-0.131524458527565,red,0.0,0.0,134.78004,0.0,0.0,33.10659,-0.13000468871563675,-0.13000027500234526
-0.13141979277133942,-0.131524458527565,red,0.0,0.0,134.78004,0.0,0.0,33.10659,-0.08000293019393122,-0.32999979631327364
-0.13141979277133942,-0.131524458527565,red,0.0,0.0,134.78004,0.0,0.0,33.10659,-0.08000481246934713,-0.32999966479798587
-0.07995659857988358,-0.33193013072013855,red,0.0,0.0,132.78685,0.0,0.0,62.204544,-0.08000481246934713,-0.32999966479798587
-0.07995659857988358,-0.33193013072013855,red,0.0,0.0,132.78685,0.0,0.0,62.204544,-0.08000481246934713,-0.32999966479798587
-0.07995659857988358,-0.33193013072013855,red,0.0,0.0,132.78685,0.0,0.0,62.204544,-0.08000481246934713,-0.32999966479798587
-0.07995659857988358,-0.33193013072013855,red,0.0,0.0,132.78685,0.0,0.0,62.204544,-0.08000481246934713,-0.32999966479798587
-0.07995659857988358,-0.33193013072013855,red,0.0,0.0,132.78685,0.0,0.0,62.204544,-0.08000481246934713,-0.32999966479798587
-0.07995659857988358,-0.33193013072013855,red,0.0,0.0,132.78685,0.0,0.0,62.204544,-0.08000481246934713,-0.32999966479798587
-0.07995659857988358,-0.33193013072013855,red,0.0,0.0,132.78685,0.0,0.0,62.204544,-0.08000481246934713,-0.32999966479798587
-0.07995659857988358,-0.33193013072013855,red,0.0,0.0,132.78685,0.0,0.0,62.204544,-0.08000481246934713,-0.32999966479798587
-0.07995659857988358,-0.33193013072013855,red,0.0,0.0,132.78685,0.0,0.0,62.204544,-0.08000481246934713,-0.32999966479798587
-0.07995659857988358,-0.33193013072013855,red,0.0,0.0,132.78685,0.0,0.0,62.204544,-0.08000481246934713,-0.32999966479798587
-0.07995659857988358,-0.33193013072013855,red,0.0,0.0,132.78685,0.0,0.0,62.204544,-0.08000353881197413,-0.2799998661961964
-0.07995659857988358,-0.33193013072013855,red,0.0,0.0,132.78685,0.0,0.0,62.204544,-0.08000484277974872,-0.2799998175012385
-0.07995659857988358,-0.33193013072013855,red,0.0,0.0,132.78685,0.0,0.0,62.204544,-0.08000484277974872,-0.2799998175012385
-0.07995659857988358,-0.33193013072013855,red,0.0,0.0,132.78685,0.0,0.0,62.204544,-0.08000484277974872,-0.2799998175012385
-0.07995659857988358,-0.33193013072013855,red,0.0,0.0,132.78685,0.0,0.0,62.204544,-0.08000484277974872,-0.2799998175012385
-0.07995659857988358,-0.33193013072013855,red,0.0,0.0,132.78685,0.0,0.0,62.204544,-0.08000484277974872,-0.2799998175012385
-0.07860486954450607,-0.2829205393791199,red,0.0,0.0,134.37642,0.0,0.0,35.429985,-0.08000484277974872,-0.2799998175012385
-0.07860486954450607,-0.2829205393791199,red,0.0,0.0,134.37642,0.0,0.0,35.429985,-0.08000484277974872,-0.2799998175012385
-0.07860486954450607,-0.2829205393791199,red,0.0,0.0,134.37642,0.0,0.0,35.429985,-0.08000484277974872,-0.2799998175012385
-0.07860486954450607,-0.2829205393791199,red,0.0,0.0,134.37642,0.0,0.0,35.429985,-0.08000484277974872,-0.2799998175012385
-0.07860486954450607,-0.2829205393791199,red,0.0,0.0,134.37642,0.0,0.0,35.429985,-0.0800006378073689,-0.22999999594118842
-0.07860486954450607,-0.2829205393791199,red,0.0,0.0,134.37642,0.0,0.0,35.429985,-0.08000426205395407,-0.22999997358588012
-0.07860486954450607,-0.2829205393791199,red,0.0,0.0,134.37642,0.0,0.0,35.429985,-0.0800048116220706,-0.22999997011792397
-0.07860486954450607,-0.2829205393791199,red,0.0,0.0,134.37642,0.0,0.0,35.429985,-0.0800048116220706,-0.22999997011792397
-0.07993491739034653,-0.23357585072517395,red,0.0,0.0,134.06122,0.0,0.0,40.978172,-0.0800048116220706,-0.22999997011792397
-0.07993491739034653,-0.23357585072517395,red,0.0,0.0,134.06122,0.0,0.0,40.978172,-0.0800048116220706,-0.22999997011792397
-0.07993491739034653,-0.23357585072517395,red,0.0,0.0,134.06122,0.0,0.0,40.978172,-0.0800048116220706,-0.22999997011792397
-0.07993491739034653,-0.23357585072517395,red,0.0,0.0,134.06122,0.0,0.0,40.978172,-0.0800048116220706,-0.22999997011792397
-0.07993491739034653,-0.23357585072517395,red,0.0,0.0,134.06122,0.0,0.0,40.978172,-0.0800048116220706,-0.22999997011792397
-0.07993491739034653,-0.23357585072517395,red,0.0,0.0,134.06122,0.0,0.0,40.978172,-0.0800048116220706,-0.22999997011792397
-0.07993491739034653,-0.23357585072517395,red,0.0,0.0,134.06122,0.0,0.0,40.978172,-0.0800048116220706,-0.22999997011792397
-0.07993491739034653,-0.23357585072517395,red,0.0,0.0,134.06122,0.0,0.0,40.978172,-0.08000124823252014,-0.1800000313944555
-0.07862336188554764,-0.18081814050674438,red,0.0,0.0,134.72336,0.0,0.0,30.59974,-0.08000481224069507,-0.18000012137006036
-0.07862336188554764,-0.18081814050674438,red,0.0,0.0,134.72336,0.0,0.0,30.59974,-0.08000481224069507,-0.18000012137006036
-0.07862336188554764,-0.18081814050674438,red,0.0,0.0,134.72336,0.0,0.0,30.59974,-0.08000481224069507,-0.18000012137006036
-0.07862336188554764,-0.18081814050674438,red,0.0,0.0,134.72336,0.0,0.0,30.59974,-0.08000481224069507,-0.18000012137006036
-0.07862336188554764,-0.18081814050674438,red,0.0,0.0,134.72336,0.0,0.0,30.59974,-0.08000481224069507,-0.18000012137006036
-0.07862336188554764,-0.18081814050674438,red,0.0,0.0,134.72336,0.0,0.0,30.59974,-0.08000481224069507,-0.18000012137006036
-0.07862336188554764,-0.18081814050674438,red,0.0,0.0,134.72336,0.0,0.0,30.59974,-0.08000481224069507,-0.18000012137006036
-0.07862336188554764,-0.18081814050674438,red,0.0,0.0,134.72336,0.0,0.0,30.59974,-0.08000481224069507,-0.18000012137006036
-0.07862336188554764,-0.18081814050674438,red,0.0,0.0,134.72336,0.0,0.0,30.59974,-0.08000481224069507,-0.18000012137006036
-0.07862336188554764,-0.18081814050674438,red,0.0,0.0,134.72336,0.0,0.0,30.59974,-0.08000481224069507,-0.18000012137006036
-0.07862336188554764,-0.18081814050674438,red,0.0,0.0,134.72336,0.0,0.0,30.59974,-0.08000208952517754,-0.13000011868912462
-0.07862336188554764,-0.18081814050674438,red,0.0,0.0,134.72336,0.0,0.0,30.59974,-0.08000484287464192,-0.1300002741282458
-0.07862336188554764,-0.18081814050674438,red,0.0,0.0,134.72336,0.0,0.0,30.59974,-0.08000484287464192,-0.1300002741282458
-0.07862336188554764,-0.18081814050674438,red,0.0,0.0,134.72336,0.0,0.0,30.59974,-0.08000484287464192,-0.1300002741282458
-0.07862336188554764,-0.18081814050674438,red,0.0,0.0,134.72336,0.0,0.0,30.59974,-0.08000484287464192,-0.1300002741282458
-0.07862336188554764,-0.18081814050674438,red,0.0,0.0,134.72336,0.0,0.0,30.59974,-0.08000484287464192,-0.1300002741282458
-0.07999502867460251,-0.13168978691101074,red,0.0,0.0,134.1406,0.0,0.0,41.451706,-0.08000484287464192,-0.1300002741282458
-0.07999502867460251,-0.13168978691101074,red,0.0,0.0,134.1406,0.0,0.0,41.451706,-0.08000484287464192,-0.1300002741282458
-0.07999502867460251,-0.13168978691101074,red,0.0,0.0,134.1406,0.0,0.0,41.451706,-0.08000484287464192,-0.1300002741282458
-0.07999502867460251,-0.13168978691101074,red,0.0,0.0,134.1406,0.0,0.0,41.451706,-0.08000484287464192,-0.1300002741282458
-0.07999502867460251,-0.13168978691101074,red,0.0,0.0,134.1406,0.0,0.0,41.451706,-0.08000484287464192,-0.1300002741282458
-0.07999502867460251,-0.13168978691101074,red,0.0,0.0,134.1406,0.0,0.0,41.451706,-0.029999919448688357,-0.3299996991707513
-0.07999502867460251,-0.13168978691101074,red,0.0,0.0,134.1406,0.0,0.0,41.451706,-0.029999810988050477,-0.32999929407134665
-0.07999502867460251,-0.13168978691101074,red,0.0,0.0,134.1406,0.0,0.0,41.451706,-0.029999810988050477,-0.32999929407134665
-0.02932373620569706,-0.3322164714336395,red,0.0,0.0,132.36053,0.0,0.0,66.10582,-0.029999810988050477,-0.32999929407134665
-0.02932373620569706,-0.3322164714336395,red,0.0,0.0,132.36053,0.0,0.0,66.10582,-0.029999810988050477,-0.32999929407134665
-0.02932373620569706,-0.3322164714336395,red,0.0,0.0,132.36053,0.0,0.0,66.10582,-0.029999810988050477,-0.32999929407134665
-0.02932373620569706,-0.3322164714336395,red,0.0,0.0,132.36053,0.0,0.0,66.10582,-0.029999810988050477,-0.32999929407134665
-0.02932373620569706,-0.3322164714336395,red,0.0,0.0,132.36053,0.0,0.0,66.10582,-0.029999810988050477,-0.32999929407134665
-0.02932373620569706,-0.3322164714336395,red,0.0,0.0,132.36053,0.0,0.0,66.10582,-0.029999810988050477,-0.32999929407134665
-0.02932373620569706,-0.3322164714336395,red,0.0,0.0,132.36053,0.0,0.0,66.10582,-0.029999810988050477,-0.32999929407134665
-0.02932373620569706,-0.3322164714336395,red,0.0,0.0,132.36053,0.0,0.0,66.10582,-0.029999810988050477,-0.32999929407134665
-0.02932373620569706,-0.3322164714336395,red,0.0,0.0,132.36053,0.0,0.0,66.10582,-0.030003472001668408,-0.27999987329147796
-0.02932373620569706,-0.3322164714336395,red,0.0,0.0,132.36053,0.0,0.0,66.10582,-0.030004965906984978,-0.2799998182554233
-0.02932373620569706,-0.3322164714336395,red,0.0,0.0,132.36053,0.0,0.0,66.10582,-0.030004965906984978,-0.2799998182554233
-0.02932373620569706,-0.3322164714336395,red,0.0,0.0,132.36053,0.0,0.0,66.10582,-0.030004965906984978,-0.2799998182554233
-0.02932373620569706,-0.3322164714336395,red,0.0,0.0,132.36053,0.0,0.0,66.10582,-0.030004965906984978,-0.2799998182554233
-0.02932373620569706,-0.3322164714336395,red,0.0,0.0,132.36053,0.0,0.0,66.10582,-0.030004965906984978,-0.2799998182554233
-0.02932373620569706,-0.3322164714336395,red,0.0,0.0,132.36053,0.0,0.0,66.10582,-0.030004965906984978,-0.2799998182554233
-0.02932373620569706,-0.3322164714336395,red,0.0,0.0,132.36053,0.0,0.0,66.10582,-0.030004965906984978,-0.2799998182554233
-0.029332363978028297,-0.28293293714523315,red,0.0,0.0,133.27097,0.0,0.0,51.38934,-0.030004965906984978,-0.2799998182554233
-0.029332363978028297,-0.28293293714523315,red,0.0,0.0,133.27097,0.0,0.0,51.38934,-0.030004965906984978,-0.2799998182554233
-0.029332363978028297,-0.28293293714523315,red,0.0,0.0,133.27097,0.0,0.0,51.38934,-0.030004965906984978,-0.2799998182554233
-0.029332363978028297,-0.28293293714523315,red,0.0,0.0,133.27097,0.0,0.0,51.38934,-0.03000050950061479,-0.22999999703733587
-0.029332363978028297,-0.28293293714523315,red,0.0,0.0,133.27097,0.0,0.0,51.38934,-0.03000424922318062,-0.22999997476260764
-0.029332363978028297,-0.28293293714523315,red,0.0,0.0,133.27097,0.0,0.0,51.38934,-0.03000499620953914,-0.2299999703342444
-0.029332363978028297,-0.28293293714523315,red,0.0,0.0,133.27097,0.0,0.0,51.38934,-0.03000499620953914,-0.2299999703342444
-0.029332363978028297,-0.28293293714523315,red,0.0,0.0,133.27097,0.0,0.0,51.38934,-0.03000499620953914,-0.2299999703342444
-0.022165799513459206,-0.23066601157188416,red,0.0,0.0,133.47392,0.0,0.0,48.12056,-0.03000499620953914,-0.2299999703342444
-0.022165799513459206,-0.23066601157188416,red,0.0,0.0,133.47392,0.0,0.0,48.12056,-0.03000499620953914,-0.2299999703342444
-0.022165799513459206,-0.23066601157188416,red,0.0,0.0,133.47392,0.0,0.0,48.12056,-0.03000499620953914,-0.2299999703342444
-0.022165799513459206,-0.23066601157188416,red,0.0,0.0,133.47392,0.0,0.0,48.12056,-0.03000499620953914,-0.2299999703342444
-0.022165799513459206,-0.23066601157188416,red,0.0,0.0,133.47392,0.0,0.0,48.12056,-0.03000499620953914,-0.2299999703342444
-0.022165799513459206,-0.23066601157188416,red,0.0,0.0,133.47392,0.0,0.0,48.12056,-0.03000499620953914,-0.2299999703342444
-0.022165799513459206,-0.23066601157188416,red,0.0,0.0,133.47392,0.0,0.0,48.12056,-0.03000119802138172,-0.18000002922024766
-0.022165799513459206,-0.23066601157188416,red,0.0,0.0,133.47392,0.0,0.0,48.12056,-0.030004936066881333,-0.18000012008517868
-0.02934201993048191,-0.18081822991371155,red,0.0,0.0,132.70079,0.0,0.0,56.3671,-0.03000496574637795,-0.18000012110906619
-0.02934201993048191,-0.18081822991371155,red,0.0,0.0,132.70079,0.0,0.0,56.3671,-0.03000496574637795,-0.18000012110906619
-0.02934201993048191,-0.18081822991371155,red,0.0,0.0,132.70079,0.0,0.0,56.3671,-0.03000496574637795,-0.18000012110906619
-0.02934201993048191,-0.18081822991371155,red,0.0,0.0,132.70079,0.0,0.0,56.3671,-0.03000496574637795,-0.18000012110906619
-0.02934201993048191,-0.18081822991371155,red,0.0,0.0,132.70079,0.0,0.0,56.3671,-0.03000496574637795,-0.18000012110906619
-0.02934201993048191,-0.18081822991371155,red,0.0,0.0,132.70079,0.0,0.0,56.3671,-0.03000496574637795,-0.18000012110906619
-0.02934201993048191,-0.18081822991371155,red,0.0,0.0,132.70079,0.0,0.0,56.3671,-0.03000496574637795,-0.18000012110906619
-0.02934201993048191,-0.18081822991371155,red,0.0,0.0,132.70079,0.0,0.0,56.3671,-0.03000496574637795,-0.18000012110906619
-0.02934201993048191,-0.18081822991371155,red,0.0,0.0,132.70079,0.0,0.0,56.3671,-0.03000496574637795,-0.18000012110906619
-0.02934201993048191,-0.18081822991371155,red,0.0,0.0,132.70079,0.0,0.0,56.3671,-0.029999975884810452,-0.13000016775352966
-0.02934201993048191,-0.18081822991371155,red,0.0,0.0,132.70079,0.0,0.0,56.3671,-0.02999986229596205,-0.1300005166031175
-0.02934201993048191,-0.18081822991371155,red,0.0,0.0,132.70079,0.0,0.0,56.3671,-0.02999984188560597,-0.13000057930295883
-0.02934201993048191,-0.18081822991371155,red,0.0,0.0,132.70079,0.0,0.0,56.3671,-0.02999984188560597,-0.13000057930295883
-0.02934201993048191,-0.18081822991371155,red,0.0,0.0,132.70079,0.0,0.0,56.3671,-0.02999984188560597,-0.13000057930295883
-0.02934201993048191,-0.18081822991371155,red,0.0,0.0,132.70079,0.0,0.0,56.3671,-0.02999984188560597,-0.13000057930295883
-0.02934201993048191,-0.18081822991371155,red,0.0,0.0,132.70079,0.0,0.0,56.3671,-0.02999984188560597,-0.13000057930295883
-0.029342735186219215,-0.13151437044143677,red,0.0,0.0,133.7381,0.0,0.0,45.123207,-0.02999984188560597,-0.13000057930295883
-0.029342735186219215,-0.13151437044143677,red,0.0,0.0,133.7381,0.0,0.0,45.123207,-0.02999984188560597,-0.13000057930295883
-0.029342735186219215,-0.13151437044143677,red,0.0,0.0,133.7381,0.0,0.0,45.123207,-0.02999984188560597,-0.13000057930295883
-0.029342735186219215,-0.13151437044143677,red,0.0,0.0,133.7381,0.0,0.0,45.123207,-0.02999984188560597,-0.13000057930295883
-0.029342735186219215,-0.13151437044143677,red,0.0,0.0,133.7381,0.0,0.0,45.123207,0.019999945692909412,-0.3299996949621566
-0.029342735186219215,-0.13151437044143677,red,0.0,0.0,133.7381,0.0,0.0,45.123207,0.01999987435545405,-0.32999929441306536
-0.029342735186219215,-0.13151437044143677,red,0.0,0.0,133.7381,0.0,0.0,45.123207,0.01999987435545405,-0.32999929441306536
-0.029342735186219215,-0.13151437044143677,red,0.0,0.0,133.7381,0.0,0.0,45.123207,0.01999987435545405,-0.32999929441306536
0.01995593123137951,-0.33223581314086914,red,0.0,0.0,129.80829,0.0,0.0,104.42908,0.01999987435545405,-0.32999929441306536
0.01995593123137951,-0.33223581314086914,red,0.0,0.0,129.80829,0.0,0.0,104.42908,0.01999987435545405,-0.32999929441306536
0.01995593123137951,-0.33223581314086914,red,0.0,0.0,129.80829,0.0,0.0,104.42908,0.01999987435545405,-0.32999929441306536
0.01995593123137951,-0.33223581314086914,red,0.0,0.0,129.80829,0.0,0.0,104.42908,0.01999987435545405,-0.32999929441306536
0.01995593123137951,-0.33223581314086914,red,0.0,0.0,129.80829,0.0,0.0,104.42908,0.01999987435545405,-0.32999929441306536
0.01995593123137951,-0.33223581314086914,red,0.0,0.0,129.80829,0.0,0.0,104.42908,0.01999987435545405,-0.32999929441306536
0.01995593123137951,-0.33223581314086914,red,0.0,0.0,129.80829,0.0,0.0,104.42908,0.01999987435545405,-0.32999929441306536
0.01995593123137951,-0.33223581314086914,red,0.0,0.0,129.80829,0.0,0.0,104.42908,0.019999933233527046,-0.2799997909515655
0.019952429458498955,-0.28294533491134644,red,0.0,0.0,130.67575,0.0,0.0,89.302185,0.019999933233527046,-0.2799997909515655
0.019952429458498955,-0.28294533491134644,red,0.0,0.0,130.67575,0.0,0.0,89.302185,0.019999874989790233,-0.279999608569484
0.019952429458498955,-0.28294533491134644,red,0.0,0.0,130.67575,0.0,0.0,89.302185,0.019999874989790233,-0.279999608569484
0.019952429458498955,-0.28294533491134644,red,0.0,0.0,130.67575,0.0,0.0,89.302185,0.019999874989790233,-0.279999608569484
0.019952429458498955,-0.28294533491134644,red,0.0,0.0,130.67575,0.0,0.0,89.302185,0.019999874989790233,-0.279999608569484
0.019952429458498955,-0.28294533491134644,red,0.0,0.0,130.67575,0.0,0.0,89.302185,0.019999874989790233,-0.279999608569484
0.019952429458498955,-0.28294533491134644,red,0.0,0.0,130.67575,0.0,0.0,89.302185,0.019999874989790233,-0.279999608569484
0.019952429458498955,-0.28294533491134644,red,0.0,0.0,130.67575,0.0,0.0,89.302185,0.019999874989790233,-0.279999608569484
0.019952429458498955,-0.28294533491134644,red,0.0,0.0,130.67575,0.0,0.0,89.302185,0.019999874989790233,-0.279999608569484
0.019952429458498955,-0.28294533491134644,red,0.0,0.0,130.67575,0.0,0.0,89.302185,0.019999874989790233,-0.279999608569484
0.019952429458498955,-0.28294533491134644,red,0.0,0.0,130.67575,0.0,0.0,89.302185,0.020003222576830723,-0.22999998097761176
0.019952429458498955,-0.28294533491134644,red,0.0,0.0,130.67575,0.0,0.0,89.302185,0.02000499648905365,-0.22999997041030487
0.019952429458498955,-0.28294533491134644,red,0.0,0.0,130.67575,0.0,0.0,89.302185,0.02000499648905365,-0.22999997041030487
0.019952429458498955,-0.28294533491134644,red,0.0,0.0,130.67575,0.0,0.0,89.302185,0.02000499648905365,-0.22999997041030487
0.019952429458498955,-0.28294533491134644,red,0.0,0.0,130.67575,0.0,0.0,89.302185,0.02000499648905365,-0.22999997041030487
0.019952429458498955,-0.28294533491134644,red,0.0,0.0,130.67575,0.0,0.0,89.302185,0.02000499648905365,-0.22999997041030487
0.024391060695052147,-0.23067143559455872,red,0.0,0.0,129.98393,0.0,0.0,100.46495,0.02000499648905365,-0.22999997041030487
0.024391060695052147,-0.23067143559455872,red,0.0,0.0,129.98393,0.0,0.0,100.46495,0.02000499648905365,-0.22999997041030487
0.024391060695052147,-0.23067143559455872,red,0.0,0.0,129.98393,0.0,0.0,100.46495,0.02000499648905365,-0.22999997041030487
0.024391060695052147,-0.23067143559455872,red,0.0,0.0,129.98393,0.0,0.0,100.46495,0.02000499648905365,-0.22999997041030487
0.024391060695052147,-0.23067143559455872,red,0.0,0.0,129.98393,0.0,0.0,100.46495,0.02000499648905365,-0.22999997041030487
0.024391060695052147,-0.23067143559455872,red,0.0,0.0,129.98393,0.0,0.0,100.46495,0.020000271499232006,-0.18000000619611753
0.024391060695052147,-0.23067143559455872,red,0.0,0.0,129.98393,0.0,0.0,100.46495,0.02000403487994483,-0.1800000970511703
0.024391060695052147,-0.23067143559455872,red,0.0,0.0,129.98393,0.0,0.0,100.46495,0.020005026871871664,-0.18000012099509316
0.019950253888964653,-0.1808183193206787,red,0.0,0.0,131.0444,0.0,0.0,85.392365,0.020005026871871664,-0.18000012099509316
0.019950253888964653,-0.1808183193206787,red,0.0,0.0,131.0444,0.0,0.0,85.392365,0.020005026871871664,-0.18000012099509316
0.019950253888964653,-0.1808183193206787,red,0.0,0.0,131.0444,0.0,0.0,85.392365,0.020005026871871664,-0.18000012099509316
0.019950253888964653,-0.1808183193206787,red,0.0,0.0,131.0444,0.0,0.0,85.392365,0.020005026871871664,-0.18000012099509316
0.019950253888964653,-0.1808183193206787,red,0.0,0.0,131.0444,0.0,0.0,85.392365,0.020005026871871664,-0.18000012099509316
0.019950253888964653,-0.1808183193206787,red,0.0,0.0,131.0444,0.0,0.0,85.392365,0.020005026871871664,-0.18000012099509316
0.019950253888964653,-0.1808183193206787,red,0.0,0.0,131.0444,0.0,0.0,85.392365,0.020005026871871664,-0.18000012099509316
0.019950253888964653,-0.1808183193206787,red,0.0,0.0,131.0444,0.0,0.0,85.392365,0.020005026871871664,-0.18000012099509316
0.019951654598116875,-0.13150951266288757,red,0.0,0.0,130.2656,0.0,0.0,96.671,0.019999975922340214,-0.13000011141723178
0.019951654598116875,-0.13150951266288757,red,0.0,0.0,130.2656,0.0,0.0,96.671,0.019999900432018054,-0.1300004605182156
0.019951654598116875,-0.13150951266288757,red,0.0,0.0,130.2656,0.0,0.0,96.671,0.019999874497822548,-0.13000058041836118
0.019951654598116875,-0.13150951266288757,red,0.0,0.0,130.2656,0.0,0.0,96.671,0.019999874497822548,-0.13000058041836118
0.019951654598116875,-0.13150951266288757,red,0.0,0.0,130.2656,0.0,0.0,96.671,0.019999874497822548,-0.13000058041836118
0.019951654598116875,-0.13150951266288757,red,0.0,0.0,130.2656,0.0,0.0,96.671,0.019999874497822548,-0.13000058041836118
0.019951654598116875,-0.13150951266288757,red,0.0,0.0,130.2656,0.0,0.0,96.671,0.019999874497822548,-0.13000058041836118
0.019951654598116875,-0.13150951266288757,red,0.0,0.0,130.2656,0.0,0.0,96.671,0.019999874497822548,-0.13000058041836118
0.019951654598116875,-0.13150951266288757,red,0.0,0.0,130.26181,0.0,0.0,96.756424,0.019999874497822548,-0.13000058041836118
0.019951654598116875,-0.13150951266288757,red,0.0,0.0,130.26181,0.0,0.0,96.756424,0.019999874497822548,-0.13000058041836118
0.019951654598116875,-0.13150951266288757,red,0.0,0.0,130.26181,0.0,0.0,96.756424,0.019999874497822548,-0.13000058041836118
0.019951654598116875,-0.13150951266288757,red,0.0,0.0,130.26181,0.0,0.0,96.756424,0.07000198651955052,-0.32999986355325994
0.019951654598116875,-0.13150951266288757,red,0.0,0.0,130.26181,0.0,0.0,96.756424,0.07000484363848562,-0.32999966554291077
0.019951654598116875,-0.13150951266288757,red,0.0,0.0,130.26181,0.0,0.0,96.756424,0.07000484363848562,-0.32999966554291077
0.019951654598116875,-0.13150951266288757,red,0.0,0.0,130.26181,0.0,0.0,96.756424,0.07000484363848562,-0.32999966554291077
0.019951654598116875,-0.13150951266288757,red,0.0,0.0,130.26181,0.0,0.0,96.756424,0.07000484363848562,-0.32999966554291077
0.07276991009712219,-0.3322565257549286,red,0.0,0.0,130.26642,0.0,0.0,89.898,0.07000484363848562,-0.32999966554291077
0.07276991009712219,-0.3322565257549286,red,0.0,0.0,130.26642,0.0,0.0,89.898,0.07000484363848562,-0.32999966554291077
0.07276991009712219,-0.3322565257549286,red,0.0,0.0,130.26642,0.0,0.0,89.898,0.07000484363848562,-0.32999966554291077
0.07276991009712219,-0.3322565257549286,red,0.0,0.0,130.26642,0.0,0.0,89.898,0.07000484363848562,-0.32999966554291077
0.07276991009712219,-0.3322565257549286,red,0.0,0.0,130.26642,0.0,0.0,89.898,0.07000484363848562,-0.32999966554291077
0.07276991009712219,-0.3322565257549286,red,0.0,0.0,130.26642,0.0,0.0,89.898,0.07000484363848562,-0.32999966554291077
0.07276991009712219,-0.3322565257549286,red,0.0,0.0,130.26642,0.0,0.0,89.898,0.07000350312316493,-0.279999868474609
0.07276991009712219,-0.3322565257549286,red,0.0,0.0,130.26642,0.0,0.0,89.898,0.07000350312316493,-0.279999868474609
0.07277117669582367,-0.28295862674713135,red,0.0,0.0,131.12917,0.0,0.0,75.538155,0.07000487363146848,-0.2799998176244908
0.07277117669582367,-0.28295862674713135,red,0.0,0.0,131.12917,0.0,0.0,75.538155,0.07000487363146848,-0.2799998176244908
0.07277117669582367,-0.28295862674713135,red,0.0,0.0,131.12917,0.0,0.0,75.538155,0.07000487363146848,-0.2799998176244908
0.07277117669582367,-0.28295862674713135,red,0.0,0.0,131.12917,0.0,0.0,75.538155,0.07000487363146848,-0.2799998176244908
0.07277117669582367,-0.28295862674713135,red,0.0,0.0,131.12917,0.0,0.0,75.538155,0.07000487363146848,-0.2799998176244908
0.07277117669582367,-0.28295862674713135,red,0.0,0.0,131.12917,0.0,0.0,75.538155,0.07000487363146848,-0.2799998176244908
0.07277117669582367,-0.28295862674713135,red,0.0,0.0,131.12917,0.0,0.0,75.538155,0.07000487363146848,-0.2799998176244908
0.07277117669582367,-0.28295862674713135,red,0.0,0.0,131.12917,0.0,0.0,75.538155,0.07000487363146848,-0.2799998176244908
0.07277117669582367,-0.28295862674713135,red,0.0,0.0,131.12917,0.0,0.0,75.538155,0.07000487363146848,-0.2799998176244908
0.07277117669582367,-0.28295862674713135,red,0.0,0.0,131.12917,0.0,0.0,75.538155,0.07000067139156312,-0.22999999578336736
0.07277117669582367,-0.28295862674713135,red,0.0,0.0,131.12917,0.0,0.0,75.538155,0.07000431878730369,-0.2299999734415036
0.07277117669582367,-0.28295862674713135,red,0.0,0.0,131.12917,0.0,0.0,75.538155,0.07000484258381703,-0.22999997013557155
0.07277117669582367,-0.28295862674713135,red,0.0,0.0,131.12917,0.0,0.0,75.538155,0.07000484258381703,-0.22999997013557155
0.07277117669582367,-0.28295862674713135,red,0.0,0.0,131.12917,0.0,0.0,75.538155,0.07000484258381703,-0.22999997013557155
0.07277117669582367,-0.28295862674713135,red,0.0,0.0,131.12917,0.0,0.0,75.538155,0.07000484258381703,-0.22999997013557155
0.07277117669582367,-0.28295862674713135,red,0.0,0.0,131.12917,0.0,0.0,75.538155,0.07000484258381703,-0.22999997013557155
0.0742848813533783,-0.23067724704742432,red,0.06427221,0.06427221,130.41588,2.1852677,2.1852677,83.60321,0.07000484258381703,-0.22999997013557155
0.0742848813533783,-0.23067724704742432,red,0.06427221,0.06427221,130.41588,2.1852677,2.1852677,83.60321,0.07000484258381703,-0.22999997013557155
0.0742848813533783,-0.23067724704742432,red,0.06427221,0.06427221,130.41588,2.1852677,2.1852677,83.60321,0.07000484258381703,-0.22999997013557155
0.0742848813533783,-0.23067724704742432,red,0.06427221,0.06427221,130.41588,2.1852677,2.1852677,83.60321,0.07000484258381703,-0.22999997013557155
0.0742848813533783,-0.23067724704742432,red,0.06427221,0.06427221,130.41588,2.1852677,2.1852677,83.60321,0.07000329899258603,-0.18000008235710888
0.0742848813533783,-0.23067724704742432,red,0.06427221,0.06427221,130.41588,2.1852677,2.1852677,83.60321,0.07000484310131076,-0.18000012128188145
0.0742848813533783,-0.23067724704742432,red,0.06427221,0.06427221,130.41588,2.1852677,2.1852677,83.60321,0.07000484310131076,-0.18000012128188145
0.0742848813533783,-0.23067724704742432,red,0.06427221,0.06427221,130.41588,2.1852677,2.1852677,83.60321,0.07000484310131076,-0.18000012128188145
0.07277553528547287,-0.18081840872764587,red,0.0,0.0,131.45282,0.0,0.0,72.00394,0.07000484310131076,-0.18000012128188145
0.07277553528547287,-0.18081840872764587,red,0.0,0.0,131.45282,0.0,0.0,72.00394,0.07000484310131076,-0.18000012128188145
0.07277553528547287,-0.18081840872764587,red,0.0,0.0,131.45282,0.0,0.0,72.00394,0.07000484310131076,-0.18000012128188145
0.07277553528547287,-0.18081840872764587,red,0.0,0.0,131.45282,0.0,0.0,72.00394,0.07000484310131076,-0.18000012128188145
0.07277553528547287,-0.18081840872764587,red,0.0,0.0,131.45282,0.0,0.0,72.00394,0.07000484310131076,-0.18000012128188145
0.07277553528547287,-0.18081840872764587,red,0.0,0.0,131.45282,0.0,0.0,72.00394,0.07000484310131076,-0.18000012128188145
0.07277553528547287,-0.18081840872764587,red,0.0,0.0,131.45282,0.0,0.0,72.00394,0.07000484310131076,-0.18000012128188145
0.07277553528547287,-0.18081840872764587,red,0.0,0.0,131.45282,0.0,0.0,72.00394,0.07000484310131076,-0.18000012128188145
0.07277847081422806,-0.13150429725646973,red,0.0,0.0,130.71173,0.0,0.0,79.20407,0.0700023076624672,-0.13000012944979816
0.07277847081422806,-0.13150429725646973,red,0.0,0.0,130.71173,0.0,0.0,79.20407,0.0700023076624672,-0.13000012944979816
0.07277847081422806,-0.13150429725646973,red,0.0,0.0,130.71173,0.0,0.0,79.20407,0.07000487371388862,-0.13000027393385935
0.07277847081422806,-0.13150429725646973,red,0.0,0.0,130.71173,0.0,0.0,79.20407,0.07000487371388862,-0.13000027393385935
0.07277847081422806,-0.13150429725646973,red,0.0,0.0,130.71173,0.0,0.0,79.20407,0.07000487371388862,-0.13000027393385935
0.07277847081422806,-0.13150429725646973,red,0.0,0.0,130.71173,0.0,0.0,79.20407,0.07000487371388862,-0.13000027393385935
0.07277847081422806,-0.13150429725646973,red,0.0,0.0,130.71173,0.0,0.0,79.20407,0.07000487371388862,-0.13000027393385935
0.07277847081422806,-0.13150429725646973,red,0.0,0.0,130.71173,0.0,0.0,79.20407,0.07000487371388862,-0.13000027393385935
0.07277847081422806,-0.13150429725646973,red,0.0,0.0,130.7089,0.0,0.0,79.24512,0.07000487371388862,-0.13000027393385935
0.07277847081422806,-0.13150429725646973,red,0.0,0.0,130.7089,0.0,0.0,79.24512,0.07000487371388862,-0.13000027393385935
0.07277847081422806,-0.13150429725646973,red,0.0,0.0,130.7089,0.0,0.0,79.24512,0.12000288484179993,-0.32999979483730296
0.07277847081422806,-0.13150429725646973,red,0.0,0.0,130.7089,0.0,0.0,79.24512,0.12000468934761152,-0.32999966393492464
0.07277847081422806,-0.13150429725646973,red,0.0,0.0,130.7089,0.0,0.0,79.24512,0.12000468934761152,-0.32999966393492464
0.07277847081422806,-0.13150429725646973,red,0.0,0.0,130.7089,0.0,0.0,79.24512,0.12000468934761152,-0.32999966393492464
0.07277847081422806,-0.13150429725646973,red,0.0,0.0,130.7089,0.0,0.0,79.24512,0.12000468934761152,-0.32999966393492464
0.07277847081422806,-0.13150429725646973,red,0.0,0.0,130.7089,0.0,0.0,79.24512,0.12000468934761152,-0.32999966393492464
0.12207632511854172,-0.3322758674621582,red,0.0,0.0,129.1882,0.0,0.0,105.19241,0.12000468934761152,-0.32999966393492464
0.12207632511854172,-0.3322758674621582,red,0.0,0.0,129.1882,0.0,0.0,105.19241,0.12000468934761152,-0.32999966393492464
0.12207632511854172,-0.3322758674621582,red,0.0,0.0,129.1882,0.0,0.0,105.19241,0.12000468934761152,-0.32999966393492464
0.12207632511854172,-0.3322758674621582,red,0.0,0.0,129.1882,0.0,0.0,105.19241,0.12000468934761152,-0.32999966393492464
0.12207632511854172,-0.3322758674621582,red,0.0,0.0,129.1882,0.0,0.0,105.19241,0.12000468934761152,-0.32999966393492464
0.12207632511854172,-0.3322758674621582,red,0.0,0.0,129.1882,0.0,0.0,105.19241,0.12000039611010226,-0.27999998457149
0.12207632511854172,-0.3322758674621582,red,0.0,0.0,129.1882,0.0,0.0,105.19241,0.12000392835366724,-0.27999984718583604
0.12207632511854172,-0.3322758674621582,red,0.0,0.0,129.1882,0.0,0.0,105.19241,0.1200047195704838,-0.2799998170238797
0.12208137661218643,-0.28297102451324463,red,0.0,0.0,129.2201,0.0,0.0,106.42578,0.1200047195704838,-0.2799998170238797
0.12208137661218643,-0.28297102451324463,red,0.0,0.0,129.2201,0.0,0.0,106.42578,0.1200047195704838,-0.2799998170238797
0.12208137661218643,-0.28297102451324463,red,0.0,0.0,129.2201,0.0,0.0,106.42578,0.1200047195704838,-0.2799998170238797
0.12208137661218643,-0.28297102451324463,red,0.0,0.0,129.2201,0.0,0.0,106.42578,0.1200047195704838,-0.2799998170238797
0.12208137661218643,-0.28297102451324463,red,0.0,0.0,129.2201,0.0,0.0,106.42578,0.1200047195704838,-0.2799998170238797
0.12208137661218643,-0.28297102451324463,red,0.0,0.0,129.2201,0.0,0.0,106.42578,0.1200047195704838,-0.2799998170238797
0.12208137661218643,-0.28297102451324463,red,0.0,0.0,129.2201,0.0,0.0,106.42578,0.1200047195704838,-0.2799998170238797
0.12208137661218643,-0.28297102451324463,red,0.0,0.0,129.2201,0.0,0.0,106.42578,0.1200047195704838,-0.2799998170238797
0.1220863088965416,-0.230135977268219,red,0.0,0.0,129.7653,0.0,0.0,99.08494,0.12000084757030638,-0.22999999454843362
0.1220863088965416,-0.230135977268219,red,0.0,0.0,129.7653,0.0,0.0,99.08494,0.12000437862787953,-0.22999997227093208
0.1220863088965416,-0.230135977268219,red,0.0,0.0,129.7653,0.0,0.0,99.08494,0.12000468894921229,-0.22999997031345873
0.1220863088965416,-0.230135977268219,red,0.0,0.0,129.7653,0.0,0.0,99.08494,0.12000468894921229,-0.22999997031345873
0.1220863088965416,-0.230135977268219,red,0.0,0.0,129.7653,0.0,0.0,99.08494,0.12000468894921229,-0.22999997031345873
0.1220863088965416,-0.230135977268219,red,0.0,0.0,129.7653,0.0,0.0,99.08494,0.12000468894921229,-0.22999997031345873
0.1220863088965416,-0.230135977268219,red,0.0,0.0,129.7653,0.0,0.0,99.08494,0.12000468894921229,-0.22999997031345873
0.1220863088965416,-0.230135977268219,red,0.0,0.0,129.7653,0.0,0.0,99.08494,0.12000468894921229,-0.22999997031345873
0.1220863088965416,-0.230135977268219,red,0.0,0.0,129.7619,0.0,0.0,99.12448,0.12000468894921229,-0.22999997031345873
0.1220863088965416,-0.230135977268219,red,0.0,0.0,129.7619,0.0,0.0,99.12448,0.12000468894921229,-0.22999997031345873
0.1220863088965416,-0.230135977268219,red,0.0,0.0,129.7619,0.0,0.0,99.12448,0.12000468894921229,-0.22999997031345873
0.1220863088965416,-0.230135977268219,red,0.0,0.0,129.7619,0.0,0.0,99.12448,0.12000468894921229,-0.22999997031345873
0.1220863088965416,-0.230135977268219,red,0.0,0.0,129.7619,0.0,0.0,99.12448,0.12000333666647849,-0.180000085913977
0.1220863088965416,-0.230135977268219,red,0.0,0.0,129.7619,0.0,0.0,99.12448,0.12000333666647849,-0.180000085913977
0.1220863088965416,-0.230135977268219,red,0.0,0.0,129.7619,0.0,0.0,99.12448,0.12000471950197864,-0.1800001216703453
0.1220863088965416,-0.230135977268219,red,0.0,0.0,129.7619,0.0,0.0,99.12448,0.12000471950197864,-0.1800001216703453
0.12209045141935349,-0.18081849813461304,red,0.0,0.0,129.57,0.0,0.0,102.96596,0.12000471950197864,-0.1800001216703453
0.12209045141935349,-0.18081849813461304,red,0.0,0.0,129.57,0.0,0.0,102.96596,0.12000471950197864,-0.1800001216703453
0.12209045141935349,-0.18081849813461304,red,0.0,0.0,129.57,0.0,0.0,102.96596,0.12000471950197864,-0.1800001216703453
0.12209045141935349,-0.18081849813461304,red,0.0,0.0,129.57,0.0,0.0,102.96596,0.12000471950197864,-0.1800001216703453
0.12209045141935349,-0.18081849813461304,red,0.0,0.0,129.57,0.0,0.0,102.96596,0.12000471950197864,-0.1800001216703453
0.12209045141935349,-0.18081849813461304,red,0.0,0.0,129.57,0.0,0.0,102.96596,0.12000471950197864,-0.1800001216703453
0.12209045141935349,-0.18081849813461304,red,0.0,0.0,129.57,0.0,0.0,102.96596,0.12000471950197864,-0.1800001216703453
0.12209045141935349,-0.18081849813461304,red,0.0,0.0,129.57,0.0,0.0,102.96596,0.1200031673711455,-0.13000018415793366
0.12209415435791016,-0.13149943947792053,red,0.0,0.0,130.56349,0.0,0.0,87.897446,0.12000469033174742,-0.13000027402278597
0.12209415435791016,-0.13149943947792053,red,0.0,0.0,130.56349,0.0,0.0,87.897446,0.12000469033174742,-0.13000027402278597
0.12209415435791016,-0.13149943947792053,red,0.0,0.0,130.56349,0.0,0.0,87.897446,0.12000469033174742,-0.13000027402278597
0.12209415435791016,-0.13149943947792053,red,0.0,0.0,130.56349,0.0,0.0,87.897446,0.12000469033174742,-0.13000027402278597
0.12209415435791016,-0.13149943947792053,red,0.0,0.0,130.56349,0.0,0.0,87.897446,0.12000469033174742,-0.13000027402278597
0.12209415435791016,-0.13149943947792053,red,0.0,0.0,130.56349,0.0,0.0,87.897446,0.12000469033174742,-0.13000027402278597
0.12209415435791016,-0.13149943947792053,red,0.0,0.0,130.56349,0.0,0.0,87.897446,0.12000469033174742,-0.13000027402278597
0.12209415435791016,-0.13149943947792053,red,0.0,0.0,130.56349,0.0,0.0,87.897446,0.12000469033174742,-0.13000027402278597
0.12209415435791016,-0.13149943947792053,red,0.0,0.0,130.56349,0.0,0.0,87.897446,0.12000469033174742,-0.13000027402278597
0.12209415435791016,-0.13149943947792053,red,0.0,0.0,130.56349,0.0,0.0,87.897446,0.17000109436826144,-0.32999991889612207
0.12209415435791016,-0.13149943947792053,red,0.0,0.0,130.56349,0.0,0.0,87.897446,0.17000450896548858,-0.3299996660361915
0.12209415435791016,-0.13149943947792053,red,0.0,0.0,130.56349,0.0,0.0,87.897446,0.1700045651487439,-0.32999966302481987
0.12209415435791016,-0.13149943947792053,red,0.0,0.0,130.56349,0.0,0.0,87.897446,0.1700045651487439,-0.32999966302481987
0.12209415435791016,-0.13149943947792053,red,0.0,0.0,130.56349,0.0,0.0,87.897446,0.1700045651487439,-0.32999966302481987
0.12209415435791016,-0.13149943947792053,red,0.0,0.0,130.56349,0.0,0.0,87.897446,0.1700045651487439,-0.32999966302481987
0.12209415435791016,-0.13149943947792053,red,0.0,0.0,130.56349,0.0,0.0,87.897446,0.1700045651487439,-0.32999966302481987
0.1713956594467163,-0.3322952091693878,red,0.0,0.0,126.17119,0.0,0.0,145.12625,0.1700045651487439,-0.32999966302481987
0.1713956594467163,-0.3322952091693878,red,0.0,0.0,126.17119,0.0,0.0,145.12625,0.1700045651487439,-0.32999966302481987
0.1713956594467163,-0.3322952091693878,red,0.0,0.0,126.17119,0.0,0.0,145.12625,0.1700045651487439,-0.32999966302481987
0.1713956594467163,-0.3322952091693878,red,0.0,0.0,126.17119,0.0,0.0,145.12625,0.1700045651487439,-0.32999966302481987
0.1713956594467163,-0.3322952091693878,red,0.0,0.0,126.17119,0.0,0.0,145.12625,0.17000166846465403,-0.2799999326813279
0.1713956594467163,-0.3322952091693878,red,0.0,0.0,126.17119,0.0,0.0,145.12625,0.1700045342393297,-0.2799998164864658
0.1713956594467163,-0.3322952091693878,red,0.0,0.0,126.17119,0.0,0.0,145.12625,0.1700045342393297,-0.2799998164864658
0.1713956594467163,-0.3322952091693878,red,0.0,0.0,126.17119,0.0,0.0,145.12625,0.1700045342393297,-0.2799998164864658
0.17140385508537292,-0.2829834520816803,red,0.0,0.0,126.92734,0.0,0.0,138.14972,0.1700045342393297,-0.2799998164864658
0.17140385508537292,-0.2829834520816803,red,0.0,0.0,126.92734,0.0,0.0,138.14972,0.1700045342393297,-0.2799998164864658
0.17140385508537292,-0.2829834520816803,red,0.0,0.0,126.92734,0.0,0.0,138.14972,0.1700045342393297,-0.2799998164864658
0.17140385508537292,-0.2829834520816803,red,0.0,0.0,126.92734,0.0,0.0,138.14972,0.1700045342393297,-0.2799998164864658
0.17140385508537292,-0.2829834520816803,red,0.0,0.0,126.92734,0.0,0.0,138.14972,0.1700045342393297,-0.2799998164864658
0.17140385508537292,-0.2829834520816803,red,0.0,0.0,126.92734,0.0,0.0,138.14972,0.1700045342393297,-0.2799998164864658
0.17140385508537292,-0.2829834520816803,red,0.0,0.0,126.92734,0.0,0.0,138.14972,0.1700045342393297,-0.2799998164864658
0.17140385508537292,-0.2829834520816803,red,0.0,0.0,126.92734,0.0,0.0,138.14972,0.16999978026731488,-0.2299999858002228
0.16745181381702423,-0.23068812489509583,red,0.032136105,0.032136105,126.41966,1.0926275,1.0926275,149.69785,0.16999948932528408,-0.22999997101978548
0.16745181381702423,-0.23068812489509583,red,0.032136105,0.032136105,126.41966,1.0926275,1.0926275,149.69785,0.16999948932528408,-0.22999997101978548
0.16745181381702423,-0.23068812489509583,red,0.032136105,0.032136105,126.41966,1.0926275,1.0926275,149.69785,0.16999948932528408,-0.22999997101978548
0.16745181381702423,-0.23068812489509583,red,0.032136105,0.032136105,126.41966,1.0926275,1.0926275,149.69785,0.16999948932528408,-0.22999997101978548
0.16745181381702423,-0.23068812489509583,red,0.032136105,0.032136105,126.41966,1.0926275,1.0926275,149.69785,0.16999948932528408,-0.22999997101978548
0.16745181381702423,-0.23068812489509583,red,0.032136105,0.032136105,126.41966,1.0926275,1.0926275,149.69785,0.16999948932528408,-0.22999997101978548
0.16745181381702423,-0.23068812489509583,red,0.032136105,0.032136105,126.41966,1.0926275,1.0926275,149.69785,0.16999948932528408,-0.22999997101978548
0.16745181381702423,-0.23068812489509583,red,0.032136105,0.032136105,126.41966,1.0926275,1.0926275,149.69785,0.16999948932528408,-0.22999997101978548
0.16745181381702423,-0.23068812489509583,red,0.032136105,0.032136105,126.41966,1.0926275,1.0926275,149.69785,0.16999948932528408,-0.22999997101978548
0.16745181381702423,-0.23068812489509583,red,0.032136105,0.032136105,126.41966,1.0926275,1.0926275,149.69785,0.16999948932528408,-0.22999997101978548
0.16745181381702423,-0.23068812489509583,red,0.032136105,0.032136105,126.41966,1.0926275,1.0926275,149.69785,0.17000287192464447,-0.18000007670721047
0.16745181381702423,-0.23068812489509583,red,0.032136105,0.032136105,126.41966,1.0926275,1.0926275,149.69785,0.17000456464913227,-0.18000012201599264
0.16745181381702423,-0.23068812489509583,red,0.032136105,0.032136105,126.41966,1.0926275,1.0926275,149.69785,0.17000456464913227,-0.18000012201599264
0.16745181381702423,-0.23068812489509583,red,0.032136105,0.032136105,126.41966,1.0926275,1.0926275,149.69785,0.17000456464913227,-0.18000012201599264
0.16745181381702423,-0.23068812489509583,red,0.032136105,0.032136105,126.41966,1.0926275,1.0926275,149.69785,0.17000456464913227,-0.18000012201599264
0.16745181381702423,-0.23068812489509583,red,0.032136105,0.032136105,126.41966,1.0926275,1.0926275,149.69785,0.17000456464913227,-0.18000012201599264
0.1714162975549698,-0.1808185875415802,red,0.0,0.0,127.26349,0.0,0.0,135.6053,0.17000456464913227,-0.18000012201599264
0.1714162975549698,-0.1808185875415802,red,0.0,0.0,127.26349,0.0,0.0,135.6053,0.17000456464913227,-0.18000012201599264
0.1714162975549698,-0.1808185875415802,red,0.0,0.0,127.26349,0.0,0.0,135.6053,0.17000456464913227,-0.18000012201599264
0.1714162975549698,-0.1808185875415802,red,0.0,0.0,127.26349,0.0,0.0,135.6053,0.17000456464913227,-0.18000012201599264
0.1714162975549698,-0.1808185875415802,red,0.0,0.0,127.26349,0.0,0.0,135.6053,0.17000456464913227,-0.18000012201599264
0.1714162975549698,-0.1808185875415802,red,0.0,0.0,127.26349,0.0,0.0,135.6053,0.17000016091950235,-0.1300000116894268
0.1714162975549698,-0.1808185875415802,red,0.0,0.0,127.26349,0.0,0.0,135.6053,0.17000357761688675,-0.13000021865329053
0.1714162975549698,-0.1808185875415802,red,0.0,0.0,127.26349,0.0,0.0,135.6053,0.17000453282892355,-0.1300002765030771
0.1714201271533966,-0.13149458169937134,red,0.0,0.0,127.41472,0.0,0.0,133.77596,0.17000453282892355,-0.1300002765030771
0.1714201271533966,-0.13149458169937134,red,0.0,0.0,127.41472,0.0,0.0,133.77596,0.17000453282892355,-0.1300002765030771
0.1714201271533966,-0.13149458169937134,red,0.0,0.0,127.41472,0.0,0.0,133.77596,0.17000453282892355,-0.1300002765030771
0.1714201271533966,-0.13149458169937134,red,0.0,0.0,127.41472,0.0,0.0,133.77596,0.17000453282892355,-0.1300002765030771
0.1714201271533966,-0.13149458169937134,red,0.0,0.0,127.41472,0.0,0.0,133.77596,0.17000453282892355,-0.1300002765030771
0.1714201271533966,-0.13149458169937134,red,0.0,0.0,127.41472,0.0,0.0,133.77596,0.17000453282892355,-0.1300002765030771
0.1714201271533966,-0.13149458169937134,red,0.0,0.0,127.41472,0.0,0.0,133.77596,0.17000453282892355,-0.1300002765030771
0.1714201271533966,-0.13149458169937134,red,0.0,0.0,127.41472,0.0,0.0,133.77596,0.17000453282892355,-0.1300002765030771
0.2242521494626999,-0.33231595158576965,red,0.0,0.0,126.91188,0.0,0.0,129.64253,0.22000057936652828,-0.32999995424173567
0.2242521494626999,-0.33231595158576965,red,0.0,0.0,126.91188,0.0,0.0,129.64253,0.22000387860689272,-0.32999970069533135
0.2242521494626999,-0.33231595158576965,red,0.0,0.0,126.91188,0.0,0.0,129.64253,0.22000437939405393,-0.32999966221714927
0.2242521494626999,-0.33231595158576965,red,0.0,0.0,126.91188,0.0,0.0,129.64253,0.22000437939405393,-0.32999966221714927
0.2242521494626999,-0.33231595158576965,red,0.0,0.0,126.91188,0.0,0.0,129.64253,0.22000437939405393,-0.32999966221714927
0.2242521494626999,-0.33231595158576965,red,0.0,0.0,126.91188,0.0,0.0,129.64253,0.22000437939405393,-0.32999966221714927
0.2242521494626999,-0.33231595158576965,red,0.0,0.0,126.91188,0.0,0.0,129.64253,0.22000437939405393,-0.32999966221714927
0.2242521494626999,-0.33231595158576965,red,0.0,0.0,126.91188,0.0,0.0,129.64253,0.22000437939405393,-0.32999966221714927
0.2242521494626999,-0.33231595158576965,red,0.0,0.0,126.90791,0.0,0.0,129.69263,0.22000437939405393,-0.32999966221714927
0.2242521494626999,-0.33231595158576965,red,0.0,0.0,126.90791,0.0,0.0,129.69263,0.22000437939405393,-0.32999966221714927
0.2242521494626999,-0.33231595158576965,red,0.0,0.0,126.90791,0.0,0.0,129.69263,0.22000437939405393,-0.32999966221714927
0.2242521494626999,-0.33231595158576965,red,0.0,0.0,126.90791,0.0,0.0,129.69263,0.22000287605297614,-0.2799998789224161
0.2242521494626999,-0.33231595158576965,red,0.0,0.0,126.90791,0.0,0.0,129.69263,0.22000287605297614,-0.2799998789224161
0.2242521494626999,-0.33231595158576965,red,0.0,0.0,126.90791,0.0,0.0,129.69263,0.22000434864288784,-0.2799998161104262
0.2242521494626999,-0.33231595158576965,red,0.0,0.0,126.90791,0.0,0.0,129.69263,0.22000434864288784,-0.2799998161104262
0.2242521494626999,-0.33231595158576965,red,0.0,0.0,126.90791,0.0,0.0,129.69263,0.22000434864288784,-0.2799998161104262
0.22426298260688782,-0.2829967439174652,red,0.0,0.0,127.70659,0.0,0.0,120.817924,0.22000434864288784,-0.2799998161104262
0.22426298260688782,-0.2829967439174652,red,0.0,0.0,127.70659,0.0,0.0,120.817924,0.22000434864288784,-0.2799998161104262
0.22426298260688782,-0.2829967439174652,red,0.0,0.0,127.70659,0.0,0.0,120.817924,0.22000434864288784,-0.2799998161104262
0.22426298260688782,-0.2829967439174652,red,0.0,0.0,127.70659,0.0,0.0,120.817924,0.22000434864288784,-0.2799998161104262
0.22426298260688782,-0.2829967439174652,red,0.0,0.0,127.70659,0.0,0.0,120.817924,0.22000434864288784,-0.2799998161104262
0.22426298260688782,-0.2829967439174652,red,0.0,0.0,127.70659,0.0,0.0,120.817924,0.22000434864288784,-0.2799998161104262
0.22426298260688782,-0.2829967439174652,red,0.0,0.0,127.70659,0.0,0.0,120.817924,0.22000434864288784,-0.2799998161104262
0.22426298260688782,-0.2829967439174652,red,0.0,0.0,127.70659,0.0,0.0,120.817924,0.21999956026317685,-0.2299999793788573
0.22427135705947876,-0.233671173453331,red,0.0,0.0,128.08961,0.0,0.0,116.51346,0.21999934025247023,-0.2299999710648004
0.22427135705947876,-0.233671173453331,red,0.0,0.0,128.08961,0.0,0.0,116.51346,0.21999934025247023,-0.2299999710648004
0.22427135705947876,-0.233671173453331,red,0.0,0.0,128.08961,0.0,0.0,116.51346,0.21999934025247023,-0.2299999710648004
0.22427135705947876,-0.233671173453331,red,0.0,0.0,128.08961,0.0,0.0,116.51346,0.21999934025247023,-0.2299999710648004
0.22427135705947876,-0.233671173453331,red,0.0,0.0,128.08961,0.0,0.0,116.51346,0.21999934025247023,-0.2299999710648004
0.22427135705947876,-0.233671173453331,red,0.0,0.0,128.08961,0.0,0.0,116.51346,0.21999934025247023,-0.2299999710648004
0.22427135705947876,-0.233671173453331,red,0.0,0.0,128.08961,0.0,0.0,116.51346,0.21999934025247023,-0.2299999710648004
0.22427135705947876,-0.233671173453331,red,0.0,0.0,128.08961,0.0,0.0,116.51346,0.21999934025247023,-0.2299999710648004
0.21737971901893616,-0.23069393634796143,red,0.0,0.0,127.15879,0.0,0.0,132.05464,0.21999934025247023,-0.2299999710648004
0.21737971901893616,-0.23069393634796143,red,0.0,0.0,127.15879,0.0,0.0,132.05464,0.21999954417411602,-0.18000008213622354
0.21737971901893616,-0.23069393634796143,red,0.0,0.0,127.15879,0.0,0.0,132.05464,0.21999934034248014,-0.1800001188659236
0.21737971901893616,-0.23069393634796143,red,0.0,0.0,127.15879,0.0,0.0,132.05464,0.21999934034248014,-0.1800001188659236
0.21737971901893616,-0.23069393634796143,red,0.0,0.0,127.15879,0.0,0.0,132.05464,0.21999934034248014,-0.1800001188659236
0.21737971901893616,-0.23069393634796143,red,0.0,0.0,127.15879,0.0,0.0,132.05464,0.21999934034248014,-0.1800001188659236
0.21737971901893616,-0.23069393634796143,red,0.0,0.0,127.15879,0.0,0.0,132.05464,0.21999934034248014,-0.1800001188659236
0.21737971901893616,-0.23069393634796143,red,0.0,0.0,127.15879,0.0,0.0,132.05464,0.21999934034248014,-0.1800001188659236
0.2242775708436966,-0.18081867694854736,red,0.0,0.0,127.32042,0.0,0.0,130.69305,0.21999934034248014,-0.1800001188659236
0.2242775708436966,-0.18081867694854736,red,0.0,0.0,127.32042,0.0,0.0,130.69305,0.21999934034248014,-0.1800001188659236
0.2242775708436966,-0.18081867694854736,red,0.0,0.0,127.32042,0.0,0.0,130.69305,0.21999934034248014,-0.1800001188659236
0.2242775708436966,-0.18081867694854736,red,0.0,0.0,127.32042,0.0,0.0,130.69305,0.21999934034248014,-0.1800001188659236
0.2242775708436966,-0.18081867694854736,red,0.0,0.0,127.32042,0.0,0.0,130.69305,0.2200006363036625,-0.1300000390656257
0.2242775708436966,-0.18081867694854736,red,0.0,0.0,127.32042,0.0,0.0,130.69305,0.2200039352525055,-0.13000024643850888
0.2242775708436966,-0.18081867694854736,red,0.0,0.0,127.32042,0.0,0.0,130.69305,0.2200044096450697,-0.13000027625337104
0.2242775708436966,-0.18081867694854736,red,0.0,0.0,127.32042,0.0,0.0,130.69305,0.2200044096450697,-0.13000027625337104
0.22224928438663483,-0.13166208565235138,red,0.0,0.0,127.21202,0.0,0.0,125.02271,0.2200044096450697,-0.13000027625337104
0.22224928438663483,-0.13166208565235138,red,0.0,0.0,127.21202,0.0,0.0,125.02271,0.2200044096450697,-0.13000027625337104
0.22224928438663483,-0.13166208565235138,red,0.0,0.0,127.21202,0.0,0.0,125.02271,0.2200044096450697,-0.13000027625337104
0.22224928438663483,-0.13166208565235138,red,0.0,0.0,127.21202,0.0,0.0,125.02271,0.2200044096450697,-0.13000027625337104
0.22224928438663483,-0.13166208565235138,red,0.0,0.0,127.21202,0.0,0.0,125.02271,0.2200044096450697,-0.13000027625337104
0.22224928438663483,-0.13166208565235138,red,0.0,0.0,127.21202,0.0,0.0,125.02271,0.2200044096450697,-0.13000027625337104
0.22224928438663483,-0.13166208565235138,red,0.0,0.0,127.21202,0.0,0.0,125.02271,0.2200044096450697,-0.13000027625337104
0.22224928438663483,-0.13166208565235138,red,0.0,0.0,127.21202,0.0,0.0,125.02271,0.27000114444950224,-0.3299999073667392
0.27359825372695923,-0.33233529329299927,red,0.0,0.0,125.13832,0.0,0.0,138.80185,0.27000422381921657,-0.32999966158779703
0.27359825372695923,-0.33233529329299927,red,0.0,0.0,125.13832,0.0,0.0,138.80185,0.27000422381921657,-0.32999966158779703
0.27359825372695923,-0.33233529329299927,red,0.0,0.0,125.13832,0.0,0.0,138.80185,0.27000422381921657,-0.32999966158779703
0.27359825372695923,-0.33233529329299927,red,0.0,0.0,125.13832,0.0,0.0,138.80185,0.27000422381921657,-0.32999966158779703
0.27359825372695923,-0.33233529329299927,red,0.0,0.0,125.13832,0.0,0.0,138.80185,0.27000422381921657,-0.32999966158779703
0.27359825372695923,-0.33233529329299927,red,0.0,0.0,125.13832,0.0,0.0,138.80185,0.27000422381921657,-0.32999966158779703
0.27359825372695923,-0.33233529329299927,red,0.0,0.0,125.13832,0.0,0.0,138.80185,0.27000422381921657,-0.32999966158779703
0.27359825372695923,-0.33233529329299927,red,0.0,0.0,125.13832,0.0,0.0,138.80185,0.27000422381921657,-0.32999966158779703
0.27359825372695923,-0.33233529329299927,red,0.0,0.0,125.13832,0.0,0.0,138.80185,0.27000422381921657,-0.32999966158779703
0.27359825372695923,-0.33233529329299927,red,0.0,0.0,125.13832,0.0,0.0,138.80185,0.27000422381921657,-0.32999966158779703
0.27359825372695923,-0.33233529329299927,red,0.0,0.0,125.13832,0.0,0.0,138.80185,0.2699996112900158,-0.2799999141404738
0.27359825372695923,-0.33233529329299927,red,0.0,0.0,125.13832,0.0,0.0,138.80185,0.2699991923339107,-0.27999982158696274
0.27359825372695923,-0.33233529329299927,red,0.0,0.0,125.13832,0.0,0.0,138.80185,0.2699991923339107,-0.27999982158696274
0.27359825372695923,-0.33233529329299927,red,0.0,0.0,125.13832,0.0,0.0,138.80185,0.2699991923339107,-0.27999982158696274
0.27359825372695923,-0.33233529329299927,red,0.0,0.0,125.13832,0.0,0.0,138.80185,0.2699991923339107,-0.27999982158696274
0.27359825372695923,-0.33233529329299927,red,0.0,0.0,125.13832,0.0,0.0,138.80185,0.2699991923339107,-0.27999982158696274
0.2736108899116516,-0.2830091416835785,red,0.0,0.0,125.883224,0.0,0.0,134.03586,0.2699991923339107,-0.27999982158696274
0.2736108899116516,-0.2830091416835785,red,0.0,0.0,125.883224,0.0,0.0,134.03586,0.2699991923339107,-0.27999982158696274
0.2736108899116516,-0.2830091416835785,red,0.0,0.0,125.883224,0.0,0.0,134.03586,0.2699991923339107,-0.27999982158696274
0.2736108899116516,-0.2830091416835785,red,0.0,0.0,125.883224,0.0,0.0,134.03586,0.2699991923339107,-0.27999982158696274
0.2736108899116516,-0.2830091416835785,red,0.0,0.0,125.883224,0.0,0.0,134.03586,0.2699991923339107,-0.27999982158696274
0.2736108899116516,-0.2830091416835785,red,0.0,0.0,125.883224,0.0,0.0,134.03586,0.26999948535946955,-0.22999998175327208
0.2736108899116516,-0.2830091416835785,red,0.0,0.0,125.883224,0.0,0.0,134.03586,0.2699991920716135,-0.2299999713497934
0.2736108899116516,-0.2830091416835785,red,0.0,0.0,125.883224,0.0,0.0,134.03586,0.2699991920716135,-0.2299999713497934
0.273620069026947,-0.23367729783058167,red,0.0,0.0,126.27324,0.0,0.0,131.28043,0.2699991920716135,-0.2299999713497934
0.273620069026947,-0.23367729783058167,red,0.0,0.0,126.27324,0.0,0.0,131.28043,0.2699991920716135,-0.2299999713497934
0.273620069026947,-0.23367729783058167,red,0.0,0.0,126.27324,0.0,0.0,131.28043,0.2699991920716135,-0.2299999713497934
0.273620069026947,-0.23367729783058167,red,0.0,0.0,126.27324,0.0,0.0,131.28043,0.2699991920716135,-0.2299999713497934
0.273620069026947,-0.23367729783058167,red,0.0,0.0,126.27324,0.0,0.0,131.28043,0.2699991920716135,-0.2299999713497934
0.273620069026947,-0.23367729783058167,red,0.0,0.0,126.27324,0.0,0.0,131.28043,0.2699991920716135,-0.2299999713497934
0.273620069026947,-0.23367729783058167,red,0.0,0.0,126.27324,0.0,0.0,131.28043,0.2699991920716135,-0.2299999713497934
0.273620069026947,-0.23367729783058167,red,0.0,0.0,126.27324,0.0,0.0,131.28043,0.2699991920716135,-0.2299999713497934
0.27362608909606934,-0.18081876635551453,red,0.0,0.0,126.21429,0.0,0.0,132.51526,0.26999992589931876,-0.18000001536676447
0.27362608909606934,-0.18081876635551453,red,0.0,0.0,126.21429,0.0,0.0,132.51526,0.26999928913972626,-0.18000010437110125
0.27362608909606934,-0.18081876635551453,red,0.0,0.0,126.21429,0.0,0.0,132.51526,0.26999919218092816,-0.18000011860957235
0.27362608909606934,-0.18081876635551453,red,0.0,0.0,126.21429,0.0,0.0,132.51526,0.26999919218092816,-0.18000011860957235
0.27362608909606934,-0.18081876635551453,red,0.0,0.0,126.21429,0.0,0.0,132.51526,0.26999919218092816,-0.18000011860957235
0.27362608909606934,-0.18081876635551453,red,0.0,0.0,126.21429,0.0,0.0,132.51526,0.26999919218092816,-0.18000011860957235
0.27362608909606934,-0.18081876635551453,red,0.0,0.0,126.21429,0.0,0.0,132.51526,0.26999919218092816,-0.18000011860957235
0.27362608909606934,-0.18081876635551453,red,0.0,0.0,126.21429,0.0,0.0,132.51526,0.26999919218092816,-0.18000011860957235
0.27362608909606934,-0.18081876635551453,red,0.0,0.0,126.21315,0.0,0.0,132.50961,0.26999919218092816,-0.18000011860957235
0.27362608909606934,-0.18081876635551453,red,0.0,0.0,126.21315,0.0,0.0,132.50961,0.26999919218092816,-0.18000011860957235
0.27362608909606934,-0.18081876635551453,red,0.0,0.0,126.21315,0.0,0.0,132.50961,0.26999919218092816,-0.18000011860957235
0.27362608909606934,-0.18081876635551453,red,0.0,0.0,126.21315,0.0,0.0,132.50961,0.2700013252140801,-0.13000008656972908
0.27362608909606934,-0.18081876635551453,red,0.0,0.0,126.21315,0.0,0.0,132.50961,0.2700042540016788,-0.13000027677475276
0.27362608909606934,-0.18081876635551453,red,0.0,0.0,126.21315,0.0,0.0,132.50961,0.2700042540016788,-0.13000027677475276
0.27362608909606934,-0.18081876635551453,red,0.0,0.0,126.21315,0.0,0.0,132.50961,0.2700042540016788,-0.13000027677475276
0.27362608909606934,-0.18081876635551453,red,0.0,0.0,126.21315,0.0,0.0,132.50961,0.2700042540016788,-0.13000027677475276
0.2736281156539917,-0.1314845085144043,red,0.0,0.0,126.41724,0.0,0.0,130.08914,0.2700042540016788,-0.13000027677475276
0.2736281156539917,-0.1314845085144043,red,0.0,0.0,126.41724,0.0,0.0,130.08914,0.2700042540016788,-0.13000027677475276
0.2736281156539917,-0.1314845085144043,red,0.0,0.0,126.41724,0.0,0.0,130.08914,0.2700042540016788,-0.13000027677475276
0.2736281156539917,-0.1314845085144043,red,0.0,0.0,126.41724,0.0,0.0,130.08914,0.2700042540016788,-0.13000027677475276
0.2736281156539917,-0.1314845085144043,red,0.0,0.0,126.41724,0.0,0.0,130.08914,0.2700042540016788,-0.13000027677475276
0.2736281156539917,-0.1314845085144043,red,0.0,0.0,126.41724,0.0,0.0,130.08914,0.2700042540016788,-0.13000027677475276
0.2736281156539917,-0.1314845085144043,red,0.0,0.0,126.41724,0.0,0.0,130.08914,0.3200020371546926,-0.32999983089350504
0.2736281156539917,-0.1314845085144043,red,0.0,0.0,126.41724,0.0,0.0,130.08914,0.3200040681312863,-0.32999966111093604
0.3105875849723816,-0.3272295296192169,red,0.45557657,0.45557657,122.71477,28.824581,28.824581,155.7843,0.3200040681312863,-0.32999966111093604
0.3105875849723816,-0.3272295296192169,red,0.45557657,0.45557657,122.71477,28.824581,28.824581,155.7843,0.3200040681312863,-0.32999966111093604
0.3105875849723816,-0.3272295296192169,red,0.45557657,0.45557657,122.71477,28.824581,28.824581,155.7843,0.3200040681312863,-0.32999966111093604
0.3105875849723816,-0.3272295296192169,red,0.45557657,0.45557657,122.71477,28.824581,28.824581,155.7843,0.3200040681312863,-0.32999966111093604
0.3105875849723816,-0.3272295296192169,red,0.45557657,0.45557657,122.71477,28.824581,28.824581,155.7843,0.3200040681312863,-0.32999966111093604
0.3105875849723816,-0.3272295296192169,red,0.45557657,0.45557657,122.71477,28.824581,28.824581,155.7843,0.3200040681312863,-0.32999966111093604
0.3105875849723816,-0.3272295296192169,red,0.45557657,0.45557657,122.71477,28.824581,28.824581,155.7843,0.3200040681312863,-0.32999966111093604
0.3105875849723816,-0.3272295296192169,red,0.45557657,0.45557657,122.71477,28.824581,28.824581,155.7843,0.3200040681312863,-0.32999966111093604
0.3105875849723816,-0.3272295296192169,red,0.45557657,0.45557657,122.71477,28.824581,28.824581,155.7843,0.3200040681312863,-0.32999966111093604
0.3105875849723816,-0.3272295296192169,red,0.45557657,0.45557657,122.71477,28.824581,28.824581,155.7843,0.3200040681312863,-0.32999966111093604
0.3105875849723816,-0.3272295296192169,red,0.45557657,0.45557657,122.71477,28.824581,28.824581,155.7843,0.31999931449637375,-0.27999987230054807
0.3105875849723816,-0.3272295296192169,red,0.45557657,0.45557657,122.71477,28.824581,28.824581,155.7843,0.3199990452672279,-0.27999982214187147
0.3105875849723816,-0.3272295296192169,red,0.45557657,0.45557657,122.71477,28.824581,28.824581,155.7843,0.3199990452672279,-0.27999982214187147
0.3105875849723816,-0.3272295296192169,red,0.45557657,0.45557657,122.71477,28.824581,28.824581,155.7843,0.3199990452672279,-0.27999982214187147
0.3105875849723816,-0.3272295296192169,red,0.45557657,0.45557657,122.71477,28.824581,28.824581,155.7843,0.3199990452672279,-0.27999982214187147
0.3105875849723816,-0.3272295296192169,red,0.45557657,0.45557657,122.71477,28.824581,28.824581,155.7843,0.3199990452672279,-0.27999982214187147
0.3229711055755615,-0.28302156925201416,red,0.0,0.0,123.195015,0.0,0.0,148.27441,0.3199990452672279,-0.27999982214187147
0.3229711055755615,-0.28302156925201416,red,0.0,0.0,123.195015,0.0,0.0,148.27441,0.3199990452672279,-0.27999982214187147
0.3229711055755615,-0.28302156925201416,red,0.0,0.0,123.195015,0.0,0.0,148.27441,0.3199990452672279,-0.27999982214187147
0.3229711055755615,-0.28302156925201416,red,0.0,0.0,123.195015,0.0,0.0,148.27441,0.3199990452672279,-0.27999982214187147
0.3229711055755615,-0.28302156925201416,red,0.0,0.0,123.195015,0.0,0.0,148.27441,0.31999987233791644,-0.22999999519345188
0.3229711055755615,-0.28302156925201416,red,0.0,0.0,123.195015,0.0,0.0,148.27441,0.31999912514912543,-0.22999997341107578
0.3229711055755615,-0.28302156925201416,red,0.0,0.0,123.195015,0.0,0.0,148.27441,0.31999904487489783,-0.22999997096842634
0.3229711055755615,-0.28302156925201416,red,0.0,0.0,123.195015,0.0,0.0,148.27441,0.31999904487489783,-0.22999997096842634
0.31394070386886597,-0.23070520162582397,red,0.0,0.0,126.92177,0.0,0.0,118.31432,0.31999904487489783,-0.22999997096842634
0.31394070386886597,-0.23070520162582397,red,0.0,0.0,126.92177,0.0,0.0,118.31432,0.31999904487489783,-0.22999997096842634
0.31394070386886597,-0.23070520162582397,red,0.0,0.0,126.92177,0.0,0.0,118.31432,0.31999904487489783,-0.22999997096842634
0.31394070386886597,-0.23070520162582397,red,0.0,0.0,126.92177,0.0,0.0,118.31432,0.31999904487489783,-0.22999997096842634
0.31394070386886597,-0.23070520162582397,red,0.0,0.0,126.92177,0.0,0.0,118.31432,0.31999904487489783,-0.22999997096842634
0.31394070386886597,-0.23070520162582397,red,0.0,0.0,126.92177,0.0,0.0,118.31432,0.31999904487489783,-0.22999997096842634
0.31394070386886597,-0.23070520162582397,red,0.0,0.0,126.92177,0.0,0.0,118.31432,0.31999904487489783,-0.22999997096842634
0.31394070386886597,-0.23070520162582397,red,0.0,0.0,126.92177,0.0,0.0,118.31432,0.31999970016906953,-0.1800000409473842
0.32298552989959717,-0.18081887066364288,red,0.0,0.0,123.487526,0.0,0.0,148.51912,0.3199990450638158,-0.1800001183541445
0.32298552989959717,-0.18081887066364288,red,0.0,0.0,123.487526,0.0,0.0,148.51912,0.3199990450638158,-0.1800001183541445
0.32298552989959717,-0.18081887066364288,red,0.0,0.0,123.487526,0.0,0.0,148.51912,0.3199990450638158,-0.1800001183541445
0.32298552989959717,-0.18081887066364288,red,0.0,0.0,123.487526,0.0,0.0,148.51912,0.3199990450638158,-0.1800001183541445
0.32298552989959717,-0.18081887066364288,red,0.0,0.0,123.487526,0.0,0.0,148.51912,0.3199990450638158,-0.1800001183541445
0.32298552989959717,-0.18081887066364288,red,0.0,0.0,123.487526,0.0,0.0,148.51912,0.3199990450638158,-0.1800001183541445
0.32298552989959717,-0.18081887066364288,red,0.0,0.0,123.487526,0.0,0.0,148.51912,0.3199990450638158,-0.1800001183541445
0.32298552989959717,-0.18081887066364288,red,0.0,0.0,123.487526,0.0,0.0,148.51912,0.3199990450638158,-0.1800001183541445
0.32298552989959717,-0.18081887066364288,red,0.0,0.0,123.487526,0.0,0.0,148.51912,0.3199990450638158,-0.1800001183541445
0.32298552989959717,-0.18081887066364288,red,0.0,0.0,123.487526,0.0,0.0,148.51912,0.3199990450638158,-0.1800001183541445
0.32298552989959717,-0.18081887066364288,red,0.0,0.0,123.487526,0.0,0.0,148.51912,0.3199994805295845,-0.13000014549717584
0.32298552989959717,-0.18081887066364288,red,0.0,0.0,123.487526,0.0,0.0,148.51912,0.31999904566869375,-0.13000026730803782
0.32298552989959717,-0.18081887066364288,red,0.0,0.0,123.487526,0.0,0.0,148.51912,0.31999904566869375,-0.13000026730803782
0.32298552989959717,-0.18081887066364288,red,0.0,0.0,123.487526,0.0,0.0,148.51912,0.31999904566869375,-0.13000026730803782
0.32298552989959717,-0.18081887066364288,red,0.0,0.0,123.487526,0.0,0.0,148.51912,0.31999904566869375,-0.13000026730803782
0.32298552989959717,-0.18081887066364288,red,0.0,0.0,123.487526,0.0,0.0,148.51912,0.31999904566869375,-0.13000026730803782
0.3265116214752197,-0.13147929310798645,red,0.06427221,0.06427221,126.643814,2.1811526,2.1811526,126.15083,0.31999904566869375,-0.13000026730803782
0.3265116214752197,-0.13147929310798645,red,0.06427221,0.06427221,126.643814,2.1811526,2.1811526,126.15083,0.31999904566869375,-0.13000026730803782
0.3265116214752197,-0.13147929310798645,red,0.06427221,0.06427221,126.643814,2.1811526,2.1811526,126.15083,0.31999904566869375,-0.13000026730803782
0.3265116214752197,-0.13147929310798645,red,0.06427221,0.06427221,126.643814,2.1811526,2.1811526,126.15083,0.31999904566869375,-0.13000026730803782
0.3265116214752197,-0.13147929310798645,red,0.06427221,0.06427221,126.643814,2.1811526,2.1811526,126.15083,0.31999904566869375,-0.13000026730803782
